idType,id,first Name,last Name,phone ,adress
Gembucket,hk.com.google.Lotlux,Ritchie,Jankovsky,686-470-2681,8335 Stang Pass
Veribet,com.aol.Stim,Nicky,Dunmuir,334-594-4863,718 Knutson Terrace
Hatity,com.answers.Fintone,Christina,Pinke,941-319-5011,3970 Scott Circle
Bitchip,com.twitpic.Treeflex,Rosalie,Siemianowicz,561-823-1996,47 Everett Street
Veribet,com.geocities.Tresom,Ashla,Genthner,483-666-7199,61497 Fair Oaks Park
Mat Lam Tam,uk.co.dailymail.Zontrax,Leigha,Saterthwait,700-977-2980,8 Amoth Plaza
Fintone,com.surveymonkey.Quo Lux,Niels,Domelaw,603-358-4498,7641 Hansons Alley
Hatity,nl.google.Pannier,Keene,Upham,465-213-7869,96 Mifflin Center
Sonsing,com.newsvine.Andalax,Sigismundo,Housen,631-216-9684,624 Iowa Pass
Keylex,edu.unc.Biodex,Curran,Drakeford,517-328-4283,55 Ryan Drive
Temp,com.discovery.Biodex,Hi,Marle,728-601-6172,5 Victoria Road
Holdlamis,gl.goo.Tampflex,Lorry,Soeiro,522-165-5682,2483 Old Gate Street
Treeflex,br.com.google.Fixflex,Christoper,Bryett,410-447-4428,948 Commercial Circle
Lotlux,cc.tiny.Lotstring,Roseanne,Ferenczy,458-963-5316,07747 Lyons Center
Latlux,io.github.It,Rhys,Roundtree,113-643-9796,9767 Parkside Parkway
Ventosanzap,com.techcrunch.Trippledex,Alica,Jakubski,765-916-2738,228 Fisk Trail
Biodex,org.wikipedia.Holdlamis,Ely,Humphris,925-806-0080,03429 Merry Avenue
Zamit,fm.last.Bitchip,Taryn,Kenderdine,399-954-5380,77886 Sauthoff Road
Job,uk.co.telegraph.Tresom,Fae,Jenyns,360-388-8295,88031 Victoria Terrace
Stim,com.marketwatch.Toughjoyfax,Ralina,Josipovic,927-366-1294,2 Melvin Point
Matsoft,com.studiopress.Bigtax,Gardie,Gleader,108-312-9999,958 Warner Avenue
Y-Solowarm,com.technorati.Lotlux,Bradley,Hammer,183-906-0152,8535 Shelley Parkway
Zaam-Dox,tv.ustream.Temp,Doroteya,Vaughton,765-345-4697,537 Blackbird Lane
Y-Solowarm,com.globo.Fix San,Marita,Gostage,718-293-7160,06 Loftsgordon Crossing
Tempsoft,com.huffingtonpost.Holdlamis,Brinn,Summerson,417-107-3217,2806 Eastwood Court
Bytecard,jp.i2i.Y-find,Cairistiona,Forshaw,912-776-7487,6 Dennis Plaza
Otcom,co.g.Tresom,Jannelle,Latan,890-107-5649,1 Victoria Road
Cookley,com.mac.Otcom,Jens,Allcoat,819-957-5030,5 Crest Line Avenue
Mat Lam Tam,com.microsoft.Stim,Margret,Gaythwaite,885-958-1696,1 International Street
Transcof,com.cyberchimps.Bitchip,Darby,Matisoff,878-443-6284,114 Debs Place
Otcom,tv.ustream.Vagram,Fleurette,Blaase,995-476-5043,39 Summer Ridge Court
Zaam-Dox,gov.census.Daltfresh,Roley,Kerrich,191-325-4836,99956 Beilfuss Drive
Bamity,com.stumbleupon.Regrant,Lorettalorna,Hair,333-739-8537,9 Grover Street
Tampflex,com.scribd.Bamity,Selle,Delgardillo,901-131-2341,8 Farragut Crossing
Pannier,com.purevolume.Latlux,Philippe,Maypole,435-790-8597,215 Vidon Road
Pannier,net.furl.Vagram,Rubi,Livoir,891-848-2602,45 Scoville Avenue
Latlux,uk.co.webeden.Zontrax,Patsy,Vasyukov,941-410-5597,84 Mallory Court
Rank,ca.cbc.Voyatouch,Cathi,Boldecke,815-444-6698,2139 Grasskamp Alley
Redhold,com.newsvine.Lotstring,Madge,Patroni,229-228-0035,1158 Autumn Leaf Park
Matsoft,com.businessinsider.Andalax,Linus,Ber,449-522-9137,1994 Charing Cross Court
Gembucket,com.shutterfly.Namfix,Simonne,Foale,932-275-9581,3 Drewry Parkway
Alpha,com.godaddy.Flexidy,Hewet,Felderer,154-960-5322,1092 Bowman Road
Opela,com.apple.Zaam-Dox,Rolph,Chidgey,808-244-1540,310 Fuller Parkway
Bitchip,uk.co.telegraph.Voyatouch,Kirstin,Goman,139-690-8567,6413 Pankratz Alley
Flexidy,gov.senate.Opela,Archer,Dilrew,551-915-5975,864 Monica Circle
Bamity,com.blogspot.Cardguard,Haily,Carthew,540-309-2376,3 Scofield Park
Voyatouch,edu.ucsd.Zaam-Dox,Cassaundra,Gollop,609-362-1676,71 Waxwing Terrace
Fixflex,com.163.Rank,Isiahi,Housin,511-311-6212,09 Harper Avenue
Cardguard,com.stumbleupon.Greenlam,Banky,Varvell,291-749-7882,3 Springview Circle
Trippledex,com.squarespace.Veribet,Garnet,Riseborough,777-466-2046,300 Menomonie Circle
Viva,au.org.auda.Bamity,Dorri,Saffell,513-579-7309,99 Buena Vista Street
Tresom,com.github.Zoolab,Burr,Groger,560-205-4287,45310 Eagle Crest Center
Alphazap,org.prlog.Duobam,Rabi,Issit,539-331-7735,185 Waubesa Avenue
Tres-Zap,jp.ne.dion.Tin,Cheston,Hain,538-971-6752,97240 Almo Street
Sonair,jp.i2i.Tres-Zap,Randolph,Hudspith,736-802-6566,16 Del Mar Court
Bytecard,com.boston.Aerified,Dwayne,Welbeck,256-795-2212,12 Oak Center
Solarbreeze,jp.ne.goo.Tampflex,Lauree,Grenshields,420-423-0634,85 Schlimgen Junction
Aerified,com.eepurl.Mat Lam Tam,Monro,Aucutt,760-384-6019,942 Dryden Place
Treeflex,net.clickbank.Tres-Zap,Kettie,Janaszkiewicz,233-573-9618,7427 Oak Valley Lane
Y-find,com.wiley.Zoolab,Donall,Glentz,400-789-8500,63 Lawn Crossing
Y-find,gov.hud.Ventosanzap,Chaddie,Lambert,532-851-2588,2 Garrison Point
Y-find,edu.cornell.Y-find,Fraser,Kienle,140-765-9298,276 Daystar Trail
Treeflex,com.example.Fix San,Dorey,Cromwell,821-704-5987,27408 Rieder Way
Greenlam,gov.nih.Tempsoft,Shanna,Kindley,666-768-9838,2 Bobwhite Court
Toughjoyfax,uk.co.ebay.Regrant,Farrell,Gayforth,890-120-4221,23 Northland Alley
Bamity,com.diigo.Sonsing,Mattheus,Clapison,649-367-6013,288 Troy Court
Overhold,com.sphinn.Tampflex,Xaviera,McBride,848-874-7757,568 Annamark Avenue
Viva,ru.narod.Otcom,Shelli,Lambie,620-922-8667,4 Westridge Place
Rank,jp.shop-pro.Flowdesk,Fidel,Battelle,280-871-4810,6962 Pearson Point
Bytecard,com.yelp.Keylex,Gradeigh,Simes,944-516-4483,663 Kropf Place
Sonsing,com.statcounter.Viva,Shermie,Dennehy,778-666-8415,68 Bluestem Parkway
Zathin,com.marriott.Cardify,Pepi,McCobb,850-493-8779,3 Bashford Point
Sub-Ex,gov.noaa.It,Marlie,Gascar,375-487-7788,51 Upham Junction
Holdlamis,gl.goo.Flexidy,Skelly,Culbert,363-794-3867,6591 Maple Park
Kanlam,edu.arizona.Zontrax,Darby,Tithacott,515-741-1544,65682 Grim Terrace
Veribet,ru.ucoz.Job,Miran,McGettigan,127-896-3987,71550 Fallview Road
Alphazap,br.com.google.Gembucket,Reggis,Cleveley,151-702-3146,83116 Montana Avenue
Trippledex,com.usnews.Greenlam,Dieter,Persehouse,904-204-7289,551 Straubel Plaza
Toughjoyfax,edu.princeton.Latlux,Eyde,Rummery,124-645-2651,512 Northport Road
Fix San,gov.nps.Domainer,Phaedra,Mattock,306-739-4880,6036 Knutson Drive
Zamit,com.1688.Span,Johannes,Trevallion,999-673-5074,2 Londonderry Way
Y-find,com.domainmarket.Y-Solowarm,Thedrick,Pietrasik,504-904-9172,17 Huxley Crossing
Regrant,uk.nhs.Fintone,Orella,Pyett,519-871-9544,1014 Surrey Alley
Stim,com.mac.Zaam-Dox,Nike,Gatward,805-314-8160,34000 Meadow Vale Crossing
Bytecard,com.tinypic.Alphazap,Odilia,Yvens,258-922-8073,778 Mendota Point
Keylex,com.yellowbook.Zamit,Hannah,Haig,952-908-8937,54892 Mariners Cove Alley
Temp,uk.nhs.Treeflex,Timmy,Flieger,788-850-1148,55563 Aberg Crossing
Trippledex,org.un.Fix San,Hanna,Philson,998-530-2079,199 Melby Avenue
Sonair,com.examiner.Zamit,Shannon,De Cristofalo,194-453-9819,7985 Gateway Hill
Trippledex,us.imageshack.Cardguard,Danie,McKeggie,444-224-0777,0764 Straubel Plaza
Sub-Ex,com.buzzfeed.It,Zorina,Niccols,729-351-6280,56 Manley Crossing
Zaam-Dox,com.phpbb.Trippledex,Rip,Popescu,120-626-7117,09873 Artisan Avenue
Bitchip,com.dagondesign.Bamity,Marybelle,York,402-680-9834,2289 Namekagon Hill
Bamity,com.disqus.Holdlamis,Welsh,Byre,999-296-2534,65773 Helena Pass
Prodder,com.globo.Temp,Griswold,Relf,563-497-2137,1 Meadow Ridge Junction
Tempsoft,fr.free.Sonsing,Meta,McGunley,493-764-2558,7312 Killdeer Way
Keylex,pl.google.Matsoft,Salomo,Barkworth,594-647-4347,36 Lyons Parkway
Daltfresh,com.wordpress.Konklux,Ebony,Kynsey,214-259-7832,600 Kings Center
Konklab,fr.free.Alphazap,Atlanta,Keneleyside,960-932-4227,57386 Bayside Pass
Prodder,com.aol.Vagram,Aubree,Powton,246-694-6181,821 Fuller Terrace
Konklux,org.joomla.Wrapsafe,Erica,Klicher,599-791-8497,5438 Dorton Way
Greenlam,org.simplemachines.Zamit,Willa,Nijs,674-859-0871,3219 Summer Ridge Avenue
Subin,uk.ac.cam.Vagram,Weylin,Osgardby,648-998-8356,8 Gerald Plaza
Sonsing,jp.ne.goo.Tres-Zap,Gill,Crammy,406-259-6516,62 Boyd Crossing
Zathin,org.redcross.Alpha,Claudetta,Doddridge,984-105-1622,0 Loftsgordon Plaza
Konklux,com.tripod.Viva,Annmaria,Garriock,831-536-9573,452 Summit Plaza
Sub-Ex,com.engadget.Flowdesk,Dudley,Brettle,758-561-9454,099 Bunker Hill Plaza
Hatity,com.trellian.Zaam-Dox,Fulton,Earwicker,465-989-7533,0 Maple Wood Crossing
Otcom,com.ibm.Lotstring,Kingsley,Burton,314-663-5937,9607 Old Gate Road
Subin,jp.co.google.Flowdesk,Lanie,Pepperrall,573-693-1911,6942 Brentwood Trail
Hatity,nl.google.Hatity,Philip,Rubbens,961-242-9077,5 Menomonie Hill
Tresom,jp.ne.dion.Duobam,Vilma,Blackborough,473-393-0284,8 Hoard Street
Namfix,com.salon.Aerified,Alix,Brimilcombe,910-644-9008,7 Farwell Hill
Redhold,edu.princeton.Ventosanzap,Riobard,Van Dijk,967-503-4484,3 Jenna Parkway
Zathin,com.nbcnews.Trippledex,Ebony,Bravey,997-197-4790,9757 Packers Park
Sonair,com.economist.Voltsillam,Lacee,Heisham,237-477-8455,20075 Mitchell Junction
Lotlux,com.naver.Domainer,Katlin,Armstrong,527-386-5791,913 4th Lane
Gembucket,org.pbs.Sub-Ex,Sheffy,Vallow,951-929-5843,19688 Gale Parkway
Transcof,com.about.Viva,Cherri,Shann,182-739-7913,6 Fair Oaks Crossing
Aerified,au.gov.nsw.Prodder,Osbourn,Bulgen,603-216-6962,56 Mallard Street
Bigtax,gov.usa.Duobam,Virge,Bruford,381-450-2726,27415 Sachtjen Lane
Stronghold,com.ibm.Vagram,Merridie,Deaville,896-512-1928,90 Ilene Terrace
Zamit,com.theglobeandmail.Redhold,Erich,Harverson,472-740-8043,43 Farmco Lane
Tempsoft,uk.gov.Gembucket,Rosetta,Silvers,646-615-6737,54 Westend Plaza
Otcom,com.feedburner.Pannier,Mabelle,Rope,510-932-3848,199 Melrose Alley
Voltsillam,org.prlog.Alphazap,Jeffry,Rowat,118-416-0112,91193 Fuller Pass
Redhold,com.wiley.Tin,Belita,Eschalette,849-400-0677,6637 Killdeer Crossing
Stronghold,net.clickbank.Job,Deeanne,Dumbar,773-195-3973,65502 Maywood Parkway
Prodder,org.wordpress.Temp,Jerrylee,Jameson,451-973-5049,6 Grayhawk Place
Redhold,com.webmd.Zoolab,Meade,Biskupek,346-533-9128,86 Waubesa Avenue
Namfix,gov.fema.Lotstring,Marius,Pasque,976-245-4839,96201 Mccormick Place
Tres-Zap,com.twitpic.Latlux,Reade,Wakeham,734-680-5566,673 Emmet Point
Duobam,vu.de.Trippledex,Veronike,Aps,623-713-1022,37799 Messerschmidt Point
Regrant,edu.msu.Bigtax,Sebastian,Spire,258-305-8549,89179 Kim Terrace
Trippledex,gov.ftc.Zoolab,Gabie,Marsay,137-859-2934,46337 Old Gate Plaza
Bigtax,com.pinterest.Ronstring,Ki,Pickless,618-446-2336,9385 Hollow Ridge Court
Domainer,io.soup.Bytecard,Ingram,McGibbon,402-412-0125,9390 Tomscot Avenue
Fixflex,com.intel.Fix San,Alanna,Ginity,720-785-2864,04 5th Road
Redhold,com.foxnews.Vagram,Oliviero,Kuhl,532-463-8640,9299 Vermont Park
Tempsoft,gd.is.Aerified,Valentino,Sarge,878-367-2562,99 Bluejay Point
Redhold,gov.usgs.Daltfresh,Glenn,Ferrier,704-453-0022,56 Bartillon Place
Sonsing,com.mozilla.Aerified,Jacquette,Joney,716-179-5051,8189 Melvin Terrace
Sub-Ex,com.cocolog-nifty.Konklab,Orton,Rouby,477-764-6931,6 Arapahoe Drive
Konklab,com.163.Ventosanzap,Granthem,Panton,155-395-5937,92898 Monica Drive
Ronstring,ru.narod.Greenlam,Merwyn,Speenden,975-542-8613,52482 Mcbride Point
Matsoft,com.diigo.Cardguard,Ravid,Jaggard,891-301-3081,4796 Meadow Ridge Hill
Holdlamis,com.boston.Otcom,Stacia,Byway,417-697-9015,9 Sullivan Road
Quo Lux,com.dedecms.Cardguard,Wilhelm,Ryott,452-245-6108,3 Pearson Junction
Flowdesk,net.a8.Tres-Zap,Livia,Climie,666-161-5059,9 Anniversary Crossing
It,jp.ne.goo.Wrapsafe,Heath,Gossage,638-341-3019,628 Buhler Trail
Zoolab,jp.co.infoseek.Solarbreeze,Milzie,Innerstone,708-980-3057,778 Bartelt Plaza
Daltfresh,cn.com.people.Lotstring,Etan,Tomaello,349-492-5169,8 Caliangt Lane
Lotstring,com.vinaora.Latlux,Grazia,Penquet,967-404-0056,9558 Farwell Terrace
Quo Lux,com.issuu.Quo Lux,Hillery,MacGille,885-779-1230,9 Melrose Terrace
Wrapsafe,com.vimeo.Biodex,Toddie,Kalkofer,466-551-5158,912 Vermont Point
Sub-Ex,com.barnesandnoble.It,Tammie,Dade,220-239-3820,2 Graceland Hill
Vagram,com.amazon.Quo Lux,Caitrin,Di Baudi,516-733-7063,04 Pankratz Place
Bitchip,com.mlb.Greenlam,Nicolis,Bouzan,571-796-1876,4685 Hauk Circle
Y-Solowarm,edu.cornell.Trippledex,Danielle,Ritmeyer,427-800-4678,518 Springs Terrace
Mat Lam Tam,com.symantec.Flowdesk,Robbi,Swarbrick,316-813-8099,81 Toban Avenue
Lotlux,com.icq.Voyatouch,Norean,Rapinett,872-842-8157,8074 Eagan Drive
Namfix,com.seattletimes.Bytecard,Eadmund,Schwant,507-944-9007,1522 Lakewood Gardens Way
Quo Lux,com.feedburner.Tempsoft,Evangelia,Lettsom,536-725-0658,2897 Logan Street
Tresom,edu.illinois.Temp,Marilee,Oaker,266-320-8394,521 Garrison Center
Zamit,com.etsy.Daltfresh,Lothario,Beedom,245-900-1765,5219 Mayfield Circle
Sonsing,edu.ucla.Y-find,Justinn,Garken,203-552-0123,69958 Onsgard Park
Matsoft,com.cnbc.Zontrax,Solly,Boone,513-556-0471,0 Kennedy Alley
Zoolab,net.earthlink.Prodder,Lotte,Richarz,977-943-8805,9198 Nancy Junction
Span,com.sun.Namfix,Meir,Dadge,368-254-7787,47 Continental Court
Voyatouch,gov.state.Temp,Damara,Silson,141-170-3586,55 Paget Center
Y-find,be.youtu.Quo Lux,Consalve,Mor,949-942-2620,895 Hooker Place
Stronghold,com.usatoday.Treeflex,Salome,Crick,601-720-2539,11848 Starling Circle
Holdlamis,com.reuters.Span,Jacquenetta,Shatliffe,118-814-7742,3 Dorton Point
Zamit,cn.com.sina.Zathin,Lonnie,Gayter,344-794-2872,22 Merrick Crossing
Zathin,org.wordpress.Tresom,Horton,Goodsell,630-273-5873,0 Almo Plaza
Keylex,com.bloglines.Fix San,Helenelizabeth,Stenett,535-298-6912,1278 Raven Crossing
Zaam-Dox,com.microsoft.Span,Corliss,Grout,299-409-1602,3217 Armistice Street
Flexidy,com.blogs.Kanlam,Kimmy,Till,217-882-6620,157 Karstens Parkway
Ronstring,com.cdbaby.Trippledex,Mirabella,Navarijo,657-894-5509,1820 Marquette Trail
Voyatouch,com.technorati.Domainer,Adey,Toal,998-810-0186,8439 Northview Point
Asoka,com.jiathis.Biodex,Claudell,Jagiello,836-275-3577,4 Victoria Drive
Daltfresh,com.samsung.Voltsillam,Odell,Dawtrey,993-722-2136,33711 Mallory Parkway
Fintone,com.webs.Tresom,Blancha,Snead,792-934-8564,4888 Transport Road
Fixflex,com.statcounter.Tempsoft,Rochette,Izac,975-921-7103,66433 Dunning Alley
Bytecard,com.wired.Prodder,Vania,Playfoot,243-242-7971,8549 Ronald Regan Lane
Trippledex,com.seattletimes.Veribet,Roselle,Baxter,598-752-3853,6373 Fulton Trail
Trippledex,com.blogtalkradio.Zamit,Idalina,Barkes,250-853-3218,129 Golf Course Pass
Ronstring,au.net.abc.Fixflex,Marshal,Pilch,705-121-8880,217 Lakeland Crossing
Tres-Zap,edu.harvard.Trippledex,Rori,Bullent,869-950-8763,2 Brickson Park Point
Stim,com.wikispaces.Gembucket,Allister,Bernaldez,978-633-9304,163 Bayside Avenue
Namfix,com.bizjournals.Quo Lux,Madeleine,Imlock,586-993-9884,2532 Ryan Parkway
Toughjoyfax,org.edublogs.Trippledex,Hall,Hardson,426-126-0074,00 Hallows Way
Viva,com.shareasale.Home Ing,Kristos,Backman,609-281-0175,651 Grayhawk Park
Sonsing,com.springer.Veribet,Joey,Sember,775-678-0073,38 Donald Place
Biodex,edu.cmu.Quo Lux,Effie,Larrie,547-980-5150,4 Pawling Center
Konklux,com.hibu.Regrant,Fabio,Mantione,479-915-3524,9385 Sutteridge Court
Lotstring,com.netscape.Hatity,Rancell,Sommerly,876-395-2768,4 Lukken Road
Holdlamis,uk.ac.cam.Gembucket,Larina,Vautre,548-642-5669,577 Lunder Terrace
Treeflex,com.gravatar.Holdlamis,Lorrie,Willbraham,622-717-8414,3382 Packers Point
Home Ing,com.imdb.Konklux,Davey,Cappleman,714-460-9854,88 Corben Lane
Bitwolf,com.mac.Zamit,Veradis,Marchington,807-550-4453,515 Westridge Hill
Andalax,com.discovery.Home Ing,Odelia,James,129-158-8104,4 Esker Park
Namfix,com.bizjournals.Cardguard,Keeley,Sample,300-382-8330,35 Sunbrook Crossing
Lotstring,com.linkedin.Bitchip,Donall,Barwell,980-541-8292,3 Sachs Center
Vagram,net.jalbum.Stringtough,Marlon,Marchetti,522-253-6425,451 Comanche Hill
Treeflex,com.howstuffworks.Overhold,Crichton,Tremblett,704-650-6561,25698 Brown Trail
Tres-Zap,de.t-online.Viva,Bondie,Giacubbo,877-239-6315,692 Rieder Lane
Home Ing,com.usnews.Tresom,Norris,Gay,793-957-6848,30 Manitowish Lane
Latlux,us.icio.Viva,Orly,Shallcrass,869-781-2196,7904 Larry Pass
Ventosanzap,com.tripadvisor.Fintone,Chere,Pengilley,291-509-0949,221 Larry Hill
Biodex,it.paginegialle.Daltfresh,Wayne,Fortoun,548-323-1375,468 Ludington Trail
Stringtough,com.myspace.Cardguard,Linn,O'Cosgra,326-351-1166,98 Blaine Junction
Cardguard,org.gnu.Temp,Kayley,Dilgarno,730-979-7924,55 Killdeer Hill
Konklux,com.omniture.Wrapsafe,Cristina,Dewhurst,303-827-4216,4139 Sugar Circle
Transcof,edu.wisc.Flowdesk,Cloe,Rowly,757-819-4734,2161 Ronald Regan Circle
Stim,com.opera.Vagram,Jemmie,Braidman,687-385-9990,2 Hooker Terrace
Flexidy,com.about.Voyatouch,Anitra,Stein,595-677-8820,56 Maryland Drive
Toughjoyfax,org.archive.Ventosanzap,Jess,Kerrey,339-649-3045,7950 Towne Road
Biodex,com.chicagotribune.Andalax,Spencer,Peidro,508-182-7587,9658 Tennyson Trail
Sonair,com.photobucket.Redhold,Kelcy,Carwardine,140-409-3492,93 Menomonie Drive
Zontrax,uk.co.guardian.Bigtax,Gawen,Brouwer,373-909-0436,05 Superior Alley
Prodder,com.angelfire.Stringtough,Gifford,Katzmann,506-819-7516,044 Hauk Lane
Bamity,edu.utexas.Zontrax,Averell,Albers,374-580-0271,2 Scoville Center
Biodex,com.statcounter.Redhold,Xena,Lessmare,717-309-8962,97 Springview Trail
Fixflex,jp.ne.ocn.Home Ing,Farah,Marcinkowski,785-520-0182,6 Sage Park
Flexidy,com.nymag.Fixflex,Ellette,Mensler,848-941-9116,45 Loftsgordon Center
Lotstring,net.themeforest.Holdlamis,Sibelle,Sotworth,922-735-4847,61823 Schmedeman Road
Bitwolf,com.ezinearticles.Duobam,Andra,Chaster,895-168-1735,54474 Eastwood Way
Treeflex,edu.unc.Y-Solowarm,Etty,Cosser,154-112-3035,23465 Village Green Lane
Opela,com.godaddy.Bigtax,Rufus,Flounders,202-742-6515,32 Eagan Avenue
Flowdesk,com.cnet.Bigtax,Gael,Garnul,437-601-1527,80 Di Loreto Circle
Cardify,gov.hhs.Viva,Dana,Metts,536-461-4346,42116 Bayside Terrace
Fintone,org.simplemachines.Wrapsafe,Fee,Hryncewicz,877-214-5691,2332 Hollow Ridge Lane
Greenlam,com.photobucket.Prodder,Jori,Bakesef,398-652-5815,192 Summit Circle
Holdlamis,com.yellowpages.Duobam,Neall,Lesly,257-646-2296,6081 Maryland Crossing
Regrant,ru.liveinternet.Job,Sula,Danbi,458-899-8667,5 Nevada Lane
Bamity,cz.phoca.Biodex,Abbey,Tudor,785-907-6284,85 Anthes Lane
Aerified,com.elpais.Duobam,Jinny,Bartell,271-146-9754,908 Mandrake Park
Voyatouch,com.fotki.Zontrax,Derron,Duckworth,352-983-1715,77535 Weeping Birch Parkway
Quo Lux,au.gov.privacy.Fixflex,Tootsie,McNeigh,998-270-5912,9428 Monterey Hill
Otcom,uk.co.dailymail.Sonsing,Sebastien,Hufton,156-337-5528,32774 Butternut Way
Alphazap,edu.illinois.Pannier,Rabbi,Keasley,939-292-3553,1 Sommers Circle
Bytecard,com.imgur.Y-find,Blythe,Kulicke,443-308-3648,24019 Petterle Circle
Flowdesk,edu.mit.Voyatouch,Waverly,Iapico,464-913-5320,6747 Golden Leaf Street
It,com.nymag.Sonsing,Allen,Manshaw,397-876-1525,0153 Homewood Way
Holdlamis,ru.yandex.Flowdesk,Bil,Ffoulkes,126-724-0630,5031 Mitchell Point
Pannier,com.blogtalkradio.Sonsing,Carling,Atwel,806-550-1627,22823 Bluestem Road
Zathin,com.youtube.Subin,Thornton,Schneider,645-481-0221,264 Monument Alley
Konklux,net.jalbum.Namfix,Moreen,Leddie,358-434-0569,6254 3rd Circle
Sub-Ex,com.fc2.Flexidy,Randal,Riglesford,460-286-4748,4 Lunder Crossing
Toughjoyfax,com.symantec.Alphazap,Armand,Ritmeier,456-116-9528,90662 Spaight Avenue
Rank,com.artisteer.Fintone,Eydie,Maffione,252-653-3759,595 Victoria Pass
Bitchip,net.earthlink.Stronghold,Timmy,Riddington,105-446-6811,90812 Montana Crossing
Ventosanzap,de.t-online.Konklux,Nobie,Szymonowicz,503-634-2855,4994 Golf View Junction
Zaam-Dox,com.spotify.Trippledex,Lettie,Caselli,324-262-3074,85384 Orin Crossing
Sonair,com.newsvine.Quo Lux,Kippy,Matuska,365-742-7078,6 Grasskamp Circle
Quo Lux,com.forbes.Span,Christen,Kliement,408-994-4277,1709 Drewry Center
Mat Lam Tam,com.nytimes.Kanlam,Elianore,Duignan,752-657-9266,4278 Talisman Terrace
Quo Lux,uk.co.ebay.Stronghold,Nolie,Cochran,873-863-0077,77938 Lotheville Alley
Wrapsafe,edu.princeton.Latlux,Corrie,Blader,819-344-9591,4 Michigan Terrace
Bigtax,com.bloomberg.Asoka,Monah,Danis,281-418-5695,79610 Kim Road
It,com.marketwatch.Latlux,Midge,Gossart,462-179-6451,70 Sutteridge Alley
Cardify,com.time.Flexidy,Rayshell,Cabbell,185-500-3124,1 Pawling Lane
Temp,com.engadget.Andalax,Maudie,Leppard,277-161-3646,5882 Rusk Way
Cardguard,com.twitpic.Ronstring,Slade,Longthorne,122-621-2298,5782 Fremont Avenue
Otcom,uk.co.amazon.Bigtax,Vite,Stilwell,726-195-3437,9 Lillian Drive
Lotlux,jp.co.infoseek.Bitwolf,Hetti,Janicek,221-227-6560,8950 Ludington Place
Bitchip,info.aboutads.Ventosanzap,Kimberlee,Crufts,707-779-8116,28 Laurel Drive
Zontrax,com.buzzfeed.Sub-Ex,Danita,Routley,813-160-2763,6081 Bultman Crossing
Ventosanzap,br.com.uol.Span,Burty,Cheek,655-697-9416,3 Waxwing Crossing
Viva,com.lulu.Lotstring,Marin,Galbreath,213-458-1130,566 Gina Point
Konklux,com.issuu.Viva,Donia,Beauchop,750-662-2387,84082 Pawling Alley
Cardify,com.amazon.Sonair,Silas,Titchen,314-444-8419,0 Little Fleur Drive
Aerified,com.sogou.Job,Grantham,Scorrer,410-153-8695,4 Waubesa Drive
Span,com.aol.Daltfresh,Staci,Srutton,730-344-3951,5 Shopko Parkway
Lotstring,com.baidu.Vagram,Sharl,Flood,573-868-7820,87 Montana Alley
Lotlux,edu.msu.Alpha,Happy,Rust,491-680-4137,1 Fordem Court
Biodex,org.archive.Toughjoyfax,Margaux,Rankmore,199-750-3973,43 8th Center
Konklab,tv.ustream.Zoolab,Celestyn,Spaunton,453-263-2299,8 Veith Drive
Zamit,fm.last.Andalax,Ellwood,Goodfield,773-405-4430,53 Algoma Point
Transcof,com.ebay.Alphazap,Jacynth,Stonnell,595-554-6436,5708 Golf Crossing
Treeflex,com.purevolume.Bytecard,Kit,Perch,328-932-2211,03 Logan Court
Fintone,gov.nih.Sonair,Alisander,Cheke,179-163-5415,3384 Rutledge Road
Stronghold,au.org.auda.Span,Monah,Basden,595-516-3216,9365 Merrick Avenue
Daltfresh,com.latimes.Toughjoyfax,Whitman,Millwall,602-774-3109,580 Sachs Center
Lotstring,com.go.Tampflex,Norman,Mitskevich,358-950-4498,30141 School Circle
Lotlux,com.usatoday.Trippledex,Hastings,Trewhella,405-721-9581,359 Mosinee Center
Trippledex,com.com.Bamity,Jase,Vail,881-260-0183,17 Hauk Terrace
Fixflex,uk.co.telegraph.Zathin,Theodore,Shambroke,173-381-1295,05859 Forest Run Drive
Asoka,org.wikipedia.Pannier,Zsazsa,Acreman,813-174-7170,82 Sauthoff Avenue
Stringtough,es.google.Tampflex,Dorice,Neill,174-816-8661,3 Sachtjen Crossing
Duobam,io.soup.Treeflex,Arte,Pittendreigh,422-476-6063,0 Summer Ridge Point
Biodex,edu.umich.Matsoft,Roselin,Ollin,753-731-2019,37568 Waubesa Alley
Span,jp.i2i.Cardify,Corena,Hessle,837-443-0690,75350 Jana Center
Rank,edu.columbia.Tin,Bennie,Nellies,842-304-6838,74 Del Sol Crossing
Vagram,edu.berkeley.Y-Solowarm,Rayna,Whitebrook,905-498-3656,171 Dwight Lane
Fintone,com.lulu.Pannier,Patti,Adamovsky,218-402-6179,115 Hauk Parkway
Namfix,com.indiatimes.Stringtough,Urbain,Meryett,730-611-7752,5849 International Plaza
Pannier,edu.arizona.Andalax,Koren,Letixier,640-981-2155,16 Dexter Court
Lotstring,com.delicious.Ventosanzap,Olimpia,De Ferrari,756-785-8142,7785 Manley Hill
Matsoft,com.ezinearticles.Otcom,Arnuad,Downage,158-624-2865,1744 Northport Parkway
Flowdesk,gov.loc.Fintone,Flossie,Foster-Smith,952-775-8953,85 Hansons Center
Cardguard,com.wsj.It,Torre,Toffel,418-414-3714,0 Eagan Trail
Aerified,org.redcross.Konklab,Nettie,Edwick,388-637-3001,6516 Northview Circle
Subin,fr.pagesperso-orange.Redhold,Carola,Gooders,839-495-1149,14 Vernon Center
Tres-Zap,de.google.Tres-Zap,Federico,Lodder,923-188-4956,2 Rigney Road
Duobam,com.tripod.Zaam-Dox,Buckie,Oxterby,940-117-2638,98149 Forest Dale Point
Alphazap,org.dmoz.Cardguard,Fernanda,Shafe,741-785-8491,54491 Dakota Alley
Bamity,com.omniture.Temp,Cory,Popplewell,968-655-3630,8919 Pleasure Terrace
Hatity,com.homestead.Aerified,Moritz,Klasing,808-412-8799,703 Dawn Center
Biodex,org.npr.Voltsillam,Kelsi,Blackboro,587-834-2567,89 Ronald Regan Court
Bigtax,com.squarespace.Konklab,Monah,Dabels,568-627-8074,00 Lukken Road
Sonsing,com.photobucket.Sub-Ex,Lothario,Martensen,934-660-5979,2 Eggendart Parkway
Zamit,gov.ca.Kanlam,Gabbie,Limbrick,188-476-4160,83782 Moose Junction
Sub-Ex,cc.tiny.Tampflex,Smith,Molohan,694-220-4387,472 Weeping Birch Parkway
Stronghold,com.soundcloud.Tresom,Giles,Waterland,466-738-1786,62 Stang Park
Hatity,com.homestead.Kanlam,Michale,Schenfisch,184-783-5516,8777 Talmadge Trail
Cardify,com.oakley.Trippledex,Umberto,Bayston,277-737-3936,98 Bay Lane
Lotstring,com.foxnews.Y-Solowarm,Matthus,Howen,304-436-4175,25 Boyd Pass
Bamity,com.ihg.Rank,Lucius,Southard,521-553-5672,59 Maple Parkway
Greenlam,com.tinyurl.Sonsing,Seline,Firks,509-180-2150,42 Harper Way
Prodder,org.networkadvertising.Matsoft,Jessee,Grimbleby,721-726-1530,4 Monument Hill
Ventosanzap,com.livejournal.Stringtough,Hyacintha,Crockatt,798-847-1858,1589 Weeping Birch Trail
Biodex,com.oracle.Home Ing,Miner,Milborn,583-531-4748,70 Nelson Park
Matsoft,com.geocities.Bytecard,Coralyn,Garroch,233-220-2133,1 Surrey Junction
Sonair,com.dedecms.Andalax,Aldric,Dami,722-582-8501,60213 Little Fleur Junction
Quo Lux,com.ask.Namfix,Ragnar,Beccles,989-114-7971,88429 Mockingbird Center
Flowdesk,com.indiatimes.Flowdesk,Rennie,Sneath,594-441-5966,1 Golden Leaf Plaza
Biodex,com.answers.Rank,Sherri,Elcom,467-753-3759,73 Summerview Road
Subin,us.imageshack.Fixflex,Octavius,Tudor,880-882-2638,20 Susan Parkway
Prodder,com.fastcompany.Subin,Beatrice,Lefever,694-776-1937,51301 Bunker Hill Crossing
Treeflex,jp.japanpost.Mat Lam Tam,Karyl,Antonacci,704-106-6517,3 7th Court
Andalax,edu.tamu.Sonsing,Tannie,Matthai,808-209-0394,8 Parkside Avenue
Sonair,com.jiathis.Span,Konstantine,McGaffey,296-171-4645,6227 Sullivan Alley
Treeflex,pl.home.Zontrax,Tonye,Jirsa,824-935-3886,8 Towne Road
Tin,com.shareasale.Y-find,Tawnya,Neathway,269-134-5561,95871 Fuller Place
Span,jp.co.rakuten.Zontrax,Janelle,Tunesi,679-945-0181,312 Thackeray Hill
Fintone,com.sogou.Voyatouch,Alice,Strachan,946-125-7810,550 Grover Junction
Voyatouch,de.1und1.Trippledex,Gallagher,Jencken,503-365-2205,7 Melby Park
Overhold,com.mysql.Overhold,Jill,Cadlock,236-718-3090,63 Harbort Parkway
Home Ing,com.shareasale.Job,Udall,Dacca,435-877-8715,8 Northport Point
Bytecard,com.ycombinator.Cardify,Jasun,Tomsett,353-989-1937,5 Main Park
Ventosanzap,org.bbb.Aerified,Reine,Rickman,423-313-3652,6346 Russell Drive
Bitwolf,com.163.Sonair,Nanci,O'Mahoney,635-762-9529,7 Arizona Center
Y-Solowarm,com.mapquest.Latlux,Demetris,Farrants,428-720-8595,8 Sycamore Center
Rank,com.phpbb.Y-find,Jennee,Blazeby,541-811-6844,926 Cardinal Crossing
Temp,com.cbsnews.Transcof,Leonore,Cramb,696-409-8242,12 Haas Road
Trippledex,com.samsung.Voltsillam,Myrtie,Llewellin,102-990-7103,4 Magdeline Plaza
Biodex,com.woothemes.Domainer,Candi,Newbery,260-290-1235,4 Arkansas Plaza
Daltfresh,org.opensource.Fintone,Ruthann,Waryk,147-688-2568,589 Pepper Wood Alley
Fintone,com.sun.Stim,Deanna,Bodiam,794-289-8208,41462 Sachtjen Crossing
Aerified,org.un.Viva,Justino,Pigot,262-499-7915,2807 Manley Court
Veribet,edu.harvard.Subin,Ursulina,Hischke,800-702-6596,568 Packers Trail
Toughjoyfax,com.bandcamp.Rank,Jobina,McAree,166-525-1064,667 Waubesa Hill
Kanlam,com.springer.Stronghold,Muire,Tustin,834-180-8877,8 Shelley Trail
Aerified,com.domainmarket.Fix San,Tallie,Oloman,299-759-5761,804 Hoepker Lane
Regrant,gov.nps.Redhold,Fiorenze,Dealy,389-720-2734,2979 Porter Hill
Tin,com.shareasale.Y-Solowarm,Eugen,Hurburt,714-230-1009,5 Thompson Road
Sonsing,com.nature.Job,Nevin,Nicholes,315-671-6439,8 Granby Street
Overhold,org.gnu.Redhold,Cathryn,Jansen,131-398-4755,891 South Crossing
Wrapsafe,com.csmonitor.Tres-Zap,Jayne,Denzey,521-510-1679,6099 Bultman Point
Stronghold,com.devhub.Voltsillam,Lyman,Pond-Jones,514-193-0107,4 Eastlawn Junction
Veribet,uk.co.dailymail.Aerified,Kellen,Di Maggio,759-720-9543,33082 Del Sol Trail
Trippledex,net.sourceforge.Sonsing,Lexine,McElvogue,238-474-3162,6 Forster Parkway
Ronstring,com.cocolog-nifty.Latlux,Morty,Janek,779-752-6118,1 Bunker Hill Alley
Redhold,com.cdbaby.Duobam,Sammy,Dominick,296-665-8785,328 Northport Court
Sub-Ex,com.boston.Zaam-Dox,Eli,Bleackly,232-368-3122,544 Sage Crossing
Stringtough,com.cocolog-nifty.Y-find,Horatia,Dudman,776-404-3301,5467 Fisk Hill
Holdlamis,com.smugmug.Wrapsafe,Marys,Matyugin,257-135-6478,5 Daystar Center
Tampflex,br.com.uol.Zoolab,Renado,Cardello,653-687-0422,26578 Cardinal Trail
Fixflex,com.ibm.Tres-Zap,Alyson,Wong,576-750-0212,03 Dexter Parkway
Konklab,com.nature.Matsoft,Chere,Caughan,988-553-7638,322 Little Fleur Way
Tresom,com.list-manage.Span,Lonnard,Salvador,570-978-4842,8 Fordem Pass
Viva,io.pen.Job,Arlan,Izak,133-154-4702,73308 Cardinal Plaza
Y-Solowarm,edu.umn.Matsoft,Trude,Betje,516-882-4493,5 Porter Avenue
Lotlux,de.e-recht24.Viva,Tory,Ledgeway,524-422-4765,5 Drewry Point
Ronstring,net.themeforest.Konklab,Tildy,MacCarrick,361-897-2947,51535 Stone Corner Terrace
Duobam,org.joomla.Zathin,Peggie,Wormald,168-633-6825,87842 Bunker Hill Alley
Duobam,com.surveymonkey.Otcom,Conrado,Verbrugghen,980-209-5857,350 Portage Plaza
Otcom,edu.unc.Fix San,Aylmar,Lawie,265-828-5852,780 Ludington Alley
Regrant,com.chron.Transcof,Dennison,Pickersgill,639-217-4517,2 Jackson Road
Y-find,com.bing.Flowdesk,Farah,Early,776-214-7452,587 Merry Center
Zathin,com.ehow.Voltsillam,Cissy,Jorge,638-970-8075,2553 Nobel Alley
Prodder,com.washingtonpost.Zaam-Dox,Noelyn,Babinski,755-611-3347,845 Reindahl Hill
Quo Lux,com.gravatar.Matsoft,Constantine,Haccleton,777-418-8117,38887 Fuller Lane
Stim,com.walmart.Home Ing,Jamal,Cozins,653-154-1499,10055 Reindahl Drive
Mat Lam Tam,com.canalblog.Bytecard,Debera,Ambrosi,638-538-1436,02737 Valley Edge Junction
Ronstring,com.hostgator.Andalax,Raychel,Tockell,450-931-4781,963 Delladonna Plaza
Kanlam,com.baidu.Ventosanzap,Charmion,Seeman,629-184-3682,100 Golf Course Park
Job,com.freewebs.Domainer,Veronique,Bourtoumieux,634-568-4743,7165 Kim Street
Regrant,uk.co.bbc.Konklux,Burnaby,Wilstead,889-845-2751,4701 Heath Trail
Regrant,com.disqus.Holdlamis,Torry,Bogart,808-698-4122,209 Victoria Street
Fintone,com.techcrunch.Sonsing,Rheta,Aubri,312-847-0168,1 Helena Street
Overhold,gov.senate.Namfix,Carlen,Alner,816-685-8228,48561 Duke Circle
Bigtax,com.macromedia.Alphazap,Margaret,Bielefeld,809-789-2650,78 Harper Street
Alpha,uk.co.123-reg.Overhold,Violet,Rotter,330-397-4723,17 Rigney Alley
Hatity,com.sphinn.Andalax,Stevana,Splevin,403-413-3365,36 Meadow Valley Junction
Namfix,com.parallels.Opela,Vittorio,Marlow,299-869-8215,6858 Iowa Park
Y-find,com.intel.Sub-Ex,Dulcie,Tullett,571-410-2766,7 Tomscot Point
Voltsillam,co.g.Y-find,Alister,Di Giacomo,303-652-3522,45399 Pierstorff Street
Matsoft,au.net.abc.Toughjoyfax,Ina,Demkowicz,121-674-2535,661 Kings Trail
Ventosanzap,com.quantcast.Daltfresh,Mohandas,Wherrett,407-710-0979,7 Waubesa Pass
Trippledex,com.phpbb.Bigtax,Den,Flewitt,524-953-8268,811 Bunting Center
Redhold,com.tinyurl.Veribet,Perri,Eiler,477-410-3862,986 Onsgard Place
Opela,us.imageshack.Tres-Zap,Krystyna,Lawes,316-196-4331,6 Macpherson Lane
Stringtough,com.ibm.Zontrax,Law,Brozsset,915-155-4095,9814 Vernon Plaza
Voyatouch,com.digg.Overhold,Reece,Smallpeace,682-703-4491,97432 Kenwood Lane
Subin,com.mlb.Duobam,Aida,Pinder,831-298-9708,35155 Farragut Circle
Keylex,br.com.google.Tres-Zap,Lynea,Turville,151-513-7930,657 High Crossing Junction
Gembucket,com.fastcompany.Sonsing,Karalee,Dedon,811-419-6938,14359 Southridge Road
Vagram,gov.fda.Bytecard,Junie,Church,392-553-1671,18 Spohn Alley
Namfix,uk.ac.cam.Y-find,Winona,McAdam,313-783-6425,6 Sunfield Avenue
Bigtax,net.earthlink.Fintone,Analiese,Ghiron,395-376-1685,6930 Quincy Crossing
Span,com.oracle.Voltsillam,Denise,Metham,734-996-1813,0 Fallview Street
Tres-Zap,com.bizjournals.Rank,Jolene,Luthwood,698-944-9100,77053 Cambridge Circle
Tempsoft,br.com.google.Namfix,Frieda,Tatteshall,709-623-2530,21 Beilfuss Crossing
Asoka,org.dmoz.Fintone,Mellisent,Marini,966-907-0558,364 Delladonna Center
Zoolab,com.blogspot.Cardguard,Kingsley,Sine,927-327-2109,6 Beilfuss Drive
Y-find,com.cisco.Pannier,Barbey,Baysting,188-294-2576,88 Prairieview Lane
Cardify,com.tripadvisor.Andalax,Reagan,Delue,488-130-3558,26957 Gina Avenue
Zoolab,pl.google.Asoka,Lil,Baumann,862-506-4204,3 Toban Trail
Biodex,gov.epa.Flexidy,Marthena,Staton,193-684-7198,877 Debra Drive
Mat Lam Tam,jp.japanpost.Ventosanzap,Heriberto,Carmo,984-732-1978,71 Crescent Oaks Street
Solarbreeze,uk.ac.ox.Mat Lam Tam,Madelin,Penrose,598-342-7684,858 Kropf Point
Redhold,com.fastcompany.Fixflex,Bernadette,Gammell,373-990-9083,51 Buhler Street
Konklab,com.jigsy.Overhold,Ogdan,Pattie,503-207-2276,39185 Drewry Park
Regrant,com.fastcompany.Trippledex,Burgess,Swain,564-980-7061,687 Golf Street
Domainer,com.ucoz.Voyatouch,Lind,Aubri,292-946-6361,6138 Dryden Parkway
Vagram,com.fastcompany.Fix San,Lamond,Campione,288-799-9776,4 Buena Vista Street
Keylex,com.printfriendly.Namfix,Whit,Wiszniewski,928-111-1030,08 Pennsylvania Road
Namfix,jp.geocities.Job,Norma,Sitch,790-470-5593,3 David Circle
Zamit,com.blog.Bamity,Rosabelle,Kirkam,221-316-8091,94 Almo Center
Y-Solowarm,edu.si.Opela,Daisey,Sheldrake,390-552-7526,84 Westridge Plaza
Zathin,gov.cdc.Voyatouch,Marijn,Nevinson,338-363-1181,0872 Haas Parkway
Cardguard,com.hugedomains.Viva,Cecelia,Comino,268-835-2956,176 Ridgeview Circle
Lotstring,com.bandcamp.Treeflex,Demetris,Ivison,106-788-6796,764 Evergreen Junction
Duobam,cn.360.Overhold,Jillayne,Adess,651-787-5610,0 Novick Lane
Y-Solowarm,com.vk.Alphazap,Freddy,Trowler,964-941-6560,1 Gina Way
Span,gov.census.Sonsing,Reid,Custed,395-670-0436,6 Claremont Lane
Voyatouch,jp.ne.hatena.Transcof,Elle,Soonhouse,553-153-5063,6 Moulton Street
Hatity,com.buzzfeed.Otcom,Charita,Huke,243-438-4894,6 Morning Circle
Stim,com.storify.Ronstring,Ambros,Jaqueme,212-760-5902,4288 Bay Center
Treeflex,com.theatlantic.Lotlux,Melissa,Cahill,647-389-4093,86066 Spohn Way
Bitchip,fm.last.Bytecard,Braden,Cogan,384-782-6842,0 Delladonna Street
Voltsillam,com.weibo.Tin,Brigg,Maciejewski,587-698-1971,861 Dottie Plaza
Vagram,com.alibaba.Bitchip,Hans,Rotlauf,852-479-8502,83151 Huxley Alley
Trippledex,jp.co.yahoo.Fintone,Erwin,Ferruzzi,885-494-7290,81 Weeping Birch Center
Opela,com.bloomberg.Tempsoft,Christophe,Britch,826-482-4866,184 Green Parkway
Overhold,com.ted.Tin,Reid,Crackel,885-925-7796,310 Golf Street
Job,jp.co.yahoo.Hatity,Niel,Winspar,656-990-1505,55234 3rd Place
Lotstring,edu.mit.Sonsing,Corilla,Gasking,593-147-1326,7911 Welch Center
Bigtax,edu.wisc.Opela,Edita,Hallett,136-767-7261,85 Truax Point
Domainer,com.goodreads.Alphazap,Donavon,Danihel,232-524-4400,814 Everett Drive
Alphazap,com.sfgate.Duobam,Domini,Avis,138-711-0036,6 Corben Crossing
Cardify,com.vistaprint.Alphazap,Pincus,Shorto,656-649-2382,7 Vernon Park
Span,com.squarespace.Y-find,Yardley,Auletta,293-275-5721,5 Dwight Parkway
Bytecard,io.github.Bamity,Jessy,Sporle,613-706-4670,8 Cordelia Parkway
Stim,com.domainmarket.Otcom,Archie,Esmead,405-370-8452,45986 Kim Alley
Redhold,com.mysql.Voyatouch,Holmes,Alred,744-207-6842,1 Atwood Circle
Konklux,com.squidoo.Regrant,Birgit,Letterick,644-955-3875,562 Larry Parkway
Tin,net.slideshare.Sonair,Darrin,Rallings,523-542-2306,47915 Jackson Point
Zaam-Dox,com.spotify.Tresom,Sela,Huck,856-848-6448,77 Sugar Way
Home Ing,com.usnews.Bitwolf,Axe,Fernyhough,522-102-3845,652 Sunfield Junction
Toughjoyfax,gov.nih.Andalax,Lucilia,O'Cullen,888-192-0856,20 Bonner Crossing
Sub-Ex,com.vimeo.Tampflex,Benedicta,Bamborough,924-652-7171,730 Southridge Road
Treeflex,org.gnu.Latlux,Cathleen,Fairleigh,244-924-2661,98 Mockingbird Plaza
Aerified,com.paypal.Ronstring,Romeo,Waghorn,853-204-0553,2 Stoughton Lane
Zontrax,ca.google.Hatity,Richardo,Trustey,953-847-2164,884 Dayton Parkway
Flowdesk,com.usnews.Y-Solowarm,Wesley,Mugford,822-874-2154,185 Hudson Court
Stim,ru.ucoz.Sub-Ex,Sutton,De Cruze,493-650-6520,64 Heath Court
Sonair,com.cocolog-nifty.Quo Lux,Norby,Galer,163-668-0658,247 Quincy Hill
Konklab,pl.google.Quo Lux,Dian,Gerner,894-893-0840,94 Sauthoff Pass
It,com.nymag.Stim,Mahala,Copestake,189-486-1229,5231 Sauthoff Hill
Span,gov.usda.Treeflex,Maryanne,Faughny,919-762-6418,7186 Leroy Trail
Hatity,org.opensource.Fintone,Jolie,Winsom,952-231-8775,5461 Del Sol Hill
Trippledex,com.ibm.Bitwolf,Lulita,Muddimer,398-746-7210,53 Arizona Pass
Zaam-Dox,cc.tiny.Home Ing,Eduard,Brun,908-982-6239,9580 Valley Edge Way
Hatity,com.washingtonpost.Zontrax,Wolfie,Barfoot,714-447-4682,0 Mifflin Drive
Voyatouch,com.nba.Solarbreeze,Averil,Streetfield,219-889-3702,05 Moland Plaza
Span,com.diigo.Biodex,Cordie,Terry,922-187-8905,20824 Vahlen Circle
Zamit,com.indiegogo.Hatity,Ninette,Rotter,974-195-6338,50924 Manufacturers Crossing
Transcof,com.dropbox.Stronghold,Jamil,Unworth,223-766-7790,962 Jenifer Circle
Regrant,com.wordpress.Wrapsafe,Mala,Breach,502-410-3637,04 Vidon Way
Hatity,com.dagondesign.Bigtax,Aubrette,Teall,486-756-7171,9 Gina Drive
Greenlam,com.usnews.Cardify,Jasmina,Cromwell,338-243-9094,966 Badeau Place
Bitwolf,com.ning.Tresom,Tracie,Grinyer,278-350-0201,9795 Orin Alley
Redhold,cz.toplist.Opela,Sybille,Nester,361-776-6489,58 Cambridge Street
Sonair,com.sphinn.Kanlam,Verney,Casella,268-724-5904,1424 John Wall Lane
Sonair,com.multiply.Latlux,Griffin,Whelan,959-279-5262,63330 Green Street
Sonair,jp.co.infoseek.Alphazap,Silvano,Eilert,254-354-0002,2 Vermont Court
Redhold,uk.co.123-reg.Y-Solowarm,Jannelle,Dransfield,535-312-5589,4 Dixon Court
Cookley,com.nbcnews.Zoolab,Donnajean,Cheshire,827-615-6710,106 Corscot Terrace
Hatity,cn.gov.miitbeian.Regrant,Wynny,Heimes,141-715-6936,72254 Bashford Hill
Y-Solowarm,edu.princeton.Bytecard,Sol,Somerled,420-638-7370,11 Vernon Circle
Treeflex,com.lycos.Alpha,Lissa,Kennady,673-497-3836,07 Longview Plaza
Veribet,com.cbslocal.Treeflex,Zak,Kleine,103-321-4078,44272 Farwell Park
Alphazap,com.vinaora.Zaam-Dox,Christabel,Durram,283-477-6114,71 Ludington Trail
Matsoft,com.bloglovin.Matsoft,Ellsworth,Hellens,694-862-3587,830 Myrtle Terrace
Viva,edu.columbia.Fixflex,Jaclyn,Popley,693-241-8765,7 Cody Way
Domainer,fr.unblog.Konklux,Gerardo,Dempster,791-844-3003,6 Doe Crossing Drive
Ronstring,org.craigslist.Greenlam,Rutherford,Eisenberg,877-168-1518,8 Carioca Park
Pannier,com.rediff.Tresom,Iago,Paydon,113-593-2865,4882 Dixon Alley
Gembucket,com.cafepress.Bamity,Devonna,MacGahy,797-733-6496,1 Jana Court
Kanlam,com.cloudflare.Hatity,Raquel,Singers,828-262-5021,6258 Summerview Center
Zathin,com.techcrunch.Lotstring,Marjie,Hoble,609-768-6387,67113 Merry Road
Bytecard,com.posterous.Regrant,Randie,Heilds,951-763-8699,48638 Roth Place
Sub-Ex,com.4shared.Stronghold,Alli,Ruvel,197-844-6007,8 Gulseth Point
Subin,com.pinterest.Lotlux,Aveline,Jursch,523-158-7624,79 Waxwing Place
Aerified,edu.cornell.Redhold,Meir,Allday,503-657-8150,4 Jackson Circle
Stim,gov.noaa.Fixflex,Raimund,Fulun,698-251-2118,2729 Elka Drive
Stronghold,com.friendfeed.Tin,Natasha,Oger,182-955-6843,670 Redwing Way
Bitchip,au.net.abc.Sub-Ex,Bailey,MacPhee,338-849-5562,35 Lakewood Gardens Junction
Tres-Zap,org.craigslist.Zontrax,Alonzo,Mallinson,425-179-7598,0058 Russell Way
Zamit,edu.nyu.Cardify,Kendall,Vaggers,782-190-3087,68279 Marquette Center
Latlux,com.wordpress.Voltsillam,Giffard,Grogor,748-509-2292,7074 Straubel Junction
Gembucket,gov.epa.Pannier,Sylvan,Gannon,890-895-0203,62 Heffernan Trail
Wrapsafe,com.com.It,Faustina,Avramovitz,791-759-6194,6 Nancy Drive
Transcof,org.pbs.Gembucket,Halimeda,Marrow,185-126-0205,9 High Crossing Lane
Bigtax,com.barnesandnoble.Tresom,Had,Everist,649-117-5485,25 Marcy Drive
Tin,jp.ne.so-net.Greenlam,Mohandas,Stillgoe,670-400-3859,864 Fairview Trail
Domainer,com.posterous.Span,Rutherford,Chasier,931-404-1084,78995 Burrows Junction
Latlux,com.bizjournals.Sonair,Roda,Snalham,351-336-2092,979 Straubel Place
Tres-Zap,ru.yandex.Regrant,Debby,Aldgate,157-745-8274,345 Namekagon Alley
Mat Lam Tam,it.google.Y-find,Tarah,Bedells,963-180-3385,664 Hagan Park
It,com.multiply.Greenlam,Ame,Twaite,521-163-3149,6420 Prairie Rose Plaza
Voyatouch,com.mashable.Greenlam,Amelita,Joutapavicius,731-778-4282,5420 Randy Terrace
Redhold,com.xrea.Toughjoyfax,Niko,Form,485-248-6268,78782 Briar Crest Alley
Fix San,com.dailymotion.Tin,Jordon,Elloy,611-979-9664,44 Myrtle Point
Redhold,com.cnet.Opela,Lynda,Crosier,788-418-4187,1340 Drewry Hill
Bamity,cz.toplist.Lotstring,Aksel,Vittle,374-801-3525,094 Spohn Center
Temp,de.spiegel.Konklab,Gerri,Dillinger,477-610-6106,4133 Norway Maple Avenue
Tampflex,com.blogspot.Otcom,Paulo,Newsome,350-209-3432,8651 Crest Line Pass
Otcom,com.bigcartel.Ventosanzap,Raffaello,Girdler,909-929-2463,85740 Nova Avenue
Namfix,gov.usgs.Veribet,Blanca,Abramino,599-106-7937,079 Drewry Circle
Fintone,org.simplemachines.Andalax,Janot,Stancliffe,521-210-9013,857 Rockefeller Parkway
Sonsing,com.imgur.Namfix,Axe,Dovermann,804-510-2494,8 Hudson Circle
Tin,jp.geocities.Mat Lam Tam,Sibeal,Moth,643-179-4648,4174 Brickson Park Trail
Andalax,org.dmoz.Solarbreeze,Travis,Georgeou,551-892-2825,9 Almo Circle
Redhold,com.netlog.Latlux,Edmund,Jaynes,857-294-2989,1 Sycamore Terrace
It,edu.nyu.Otcom,Adelaide,Coatham,935-395-1076,3479 Sugar Avenue
Otcom,com.sphinn.Holdlamis,Briant,Biernacki,764-494-6919,3 Debs Drive
Stronghold,com.wunderground.Zaam-Dox,Annalise,Jowitt,447-859-6292,4363 Atwood Road
Tres-Zap,uk.co.telegraph.Kanlam,Aidan,Butson,121-344-6075,778 Ridgeway Road
Home Ing,net.comcast.Duobam,Ivy,Knoble,482-799-6510,0 Pennsylvania Parkway
Tempsoft,com.elpais.Greenlam,Kai,Breheny,611-818-3675,2 Lyons Alley
Wrapsafe,us.tx.state.Zaam-Dox,Lydie,Lockier,765-515-3554,70 Dryden Circle
Tampflex,com.shutterfly.Tresom,Dmitri,Nadin,964-402-0219,709 Melvin Crossing
Veribet,com.dailymotion.Y-Solowarm,Bjorn,Smitheman,555-556-3844,3757 Warbler Avenue
Ventosanzap,com.hp.Matsoft,Kalvin,Starkings,870-274-7951,62264 Graedel Avenue
Flowdesk,uk.co.webeden.Andalax,Carroll,Crighten,171-770-0243,7 Sutherland Way
Temp,com.oakley.Temp,Nilson,Kroll,981-336-7631,70 Barby Pass
Zoolab,com.amazonaws.Andalax,Lacey,Michael,555-145-2752,824 Arapahoe Lane
Mat Lam Tam,com.symantec.Duobam,Hussein,Lohoar,663-314-8415,77 Westport Park
Subin,com.istockphoto.Tempsoft,Amii,Lambdon,290-219-1066,08849 Buell Point
Temp,com.mtv.Voyatouch,Kassey,Barfford,729-452-3704,448 Loftsgordon Avenue
Y-Solowarm,com.wunderground.Toughjoyfax,Field,Charlet,304-511-2276,58 Delladonna Point
Stringtough,org.drupal.Overhold,Jamill,Heel,637-692-4067,493 Ilene Plaza
Tampflex,com.theguardian.Duobam,Bobina,Ianetti,159-670-8104,59407 Sheridan Parkway
Toughjoyfax,org.craigslist.Job,Dasya,Sodo,185-687-1736,63468 Muir Hill
Stronghold,com.alibaba.Tresom,Dell,Smedmore,715-393-3623,8 Fulton Terrace
Vagram,com.flickr.Mat Lam Tam,Janina,Roggeman,798-378-2594,8129 Melvin Crossing
Alpha,uk.co.timesonline.Stim,Kenyon,Lacelett,953-295-7070,985 Bashford Place
Kanlam,jp.ameblo.Tres-Zap,Emily,Hampstead,719-669-4172,27 Fallview Park
Zaam-Dox,ru.liveinternet.Latlux,Roberta,Swayte,604-488-7749,526 Nobel Junction
Home Ing,com.ezinearticles.Job,Nikolos,Croix,717-157-3529,2523 Wayridge Junction
Zaam-Dox,com.friendfeed.Zamit,Lindsey,Reaper,762-729-2704,0 Stone Corner Parkway
Toughjoyfax,com.dagondesign.Stim,Eddi,Manley,661-251-0442,1 Bartelt Circle
Cookley,com.webnode.Daltfresh,Daron,Wheildon,828-696-7649,75850 Westridge Road
Bamity,edu.berkeley.Tempsoft,Ardelle,Smeed,981-289-2289,80065 Merrick Plaza
Vagram,com.mashable.Tempsoft,Moshe,Whellans,204-603-5707,4 Linden Parkway
Solarbreeze,com.reuters.Zathin,Juliet,Collecott,306-967-4080,3 Upham Terrace
Treeflex,com.blogger.Tampflex,Cilka,Brotherhed,543-331-2931,7848 Ridgeview Drive
Alpha,cn.360.Tresom,Rhea,Quaife,616-317-7781,227 Heath Terrace
Zamit,me.flavors.Holdlamis,Nichole,Shillabeare,769-247-1935,1068 Knutson Trail
Solarbreeze,edu.ucsd.Zathin,Margery,Asprey,888-203-6904,35549 Luster Terrace
Keylex,fr.unblog.Lotstring,Glynn,Weed,263-528-9590,8 Bluejay Pass
Asoka,com.foxnews.Keylex,Rebbecca,Martelet,541-602-1960,62606 East Street
Temp,com.java.Kanlam,Rosamund,Skippen,591-721-2415,17195 Cardinal Road
Kanlam,com.dedecms.Namfix,Selinda,Maffey,845-159-9854,5 Eastlawn Place
Cardguard,com.hostgator.Rank,Milzie,Benfield,610-265-6829,95 Rutledge Court
Voltsillam,com.twitter.Flowdesk,Joelly,Spalding,453-914-6335,981 Golf Alley
Cardify,com.cbsnews.Cardify,Laurena,Jerratsch,940-345-6925,9195 Ilene Junction
Otcom,com.nba.Transcof,Lottie,Mulhall,539-212-1616,00 Chive Court
Fintone,com.homestead.Prodder,Hamnet,Winkworth,677-360-9891,96318 Crest Line Parkway
Cardify,cn.gov.miibeian.Alpha,Arleta,Hellings,466-992-5377,31 Menomonie Street
Kanlam,com.mysql.Span,Oliy,Yegorev,638-122-9328,3590 Montana Pass
Holdlamis,edu.berkeley.Zamit,Pinchas,Brocklebank,159-182-0208,84696 Scofield Point
Sub-Ex,com.over-blog.Namfix,Brietta,Rowesby,922-811-2733,31 Melvin Center
Gembucket,org.bbb.Cardguard,Egan,Katzmann,562-197-6114,8328 Ruskin Terrace
Stringtough,org.wikipedia.Y-find,Barron,Clark,855-101-5882,78 Lake View Park
Treeflex,uk.nhs.Holdlamis,Audre,Nutting,945-663-9841,911 Village Street
Vagram,com.vinaora.Greenlam,Ian,Urian,569-921-8710,27 Dunning Avenue
Toughjoyfax,ru.yandex.Bytecard,Rivalee,Mynett,805-106-1136,7365 Old Shore Junction
Otcom,gov.ca.It,Marcelo,Barth,408-878-4740,8 Swallow Parkway
Fix San,com.sciencedaily.Y-find,Lyndsie,Cecchi,373-958-9164,73600 Corry Point
Bytecard,ru.mail.Stim,Catharine,Whymark,699-401-7227,9 Union Trail
Vagram,com.businessinsider.Sonair,Madalena,Crocumbe,741-896-4394,397 Tomscot Point
Voyatouch,au.gov.privacy.Home Ing,Patton,Willox,886-662-6875,5389 Garrison Terrace
Asoka,com.trellian.Veribet,Bettye,Bedboro,167-996-6523,19 Prairie Rose Road
Holdlamis,de.spiegel.Stronghold,Hillyer,Charnock,821-618-2256,95299 Katie Center
Stringtough,fr.google.Konklab,Tammi,Scott,215-371-9369,1203 Goodland Plaza
Hatity,us.imageshack.Fix San,Chad,Minichillo,465-632-6429,20 Northport Terrace
Lotlux,com.skyrock.Opela,Staford,Gutherson,456-469-5806,29 Ohio Crossing
Fintone,info.aboutads.Gembucket,Pamela,Ethridge,468-322-7218,6651 Westport Road
Tresom,com.etsy.Tampflex,Katrina,Rousby,687-291-1875,61949 Hallows Drive
Toughjoyfax,com.nature.Home Ing,Lorry,Brasner,578-336-7189,56134 Katie Terrace
Prodder,com.imgur.Cookley,Shurlock,Brock,888-182-2325,9 Fulton Junction
Subin,org.npr.Flexidy,Kelby,Aneley,512-528-1694,59 Mallory Center
Lotstring,com.time.Zoolab,Jacquelyn,Barles,835-998-4288,3 Thackeray Place
Transcof,org.creativecommons.Gembucket,Bonnie,De Benedetti,303-888-6377,1724 5th Plaza
Namfix,com.smugmug.Lotstring,Donovan,Manville,669-369-2367,520 Grim Way
Cardguard,jp.ne.hatena.Fintone,Sloane,MacIlhagga,508-479-6803,58 Ohio Court
Veribet,com.fastcompany.Kanlam,Esteban,Hastelow,953-484-4536,408 Porter Drive
Lotstring,com.kickstarter.Viva,Dolf,Didsbury,325-155-6746,96 Old Shore Drive
Flowdesk,com.merriam-webster.Bitchip,Yolanthe,Hatherleigh,403-343-4492,06 Debs Place
It,com.list-manage.Home Ing,Phil,Pavlik,933-824-3616,08 David Court
Sonair,com.netvibes.Span,Regan,Wanden,568-551-7154,5 Ludington Pass
Span,com.webnode.Subin,Loy,Steenson,496-878-8635,85 Cottonwood Alley
Bamity,com.go.Holdlamis,Atlante,Fairholm,549-294-4348,2 Dawn Park
Lotstring,com.blogger.Cardguard,Risa,MacKeever,595-522-7577,9 Maple Plaza
Veribet,com.dagondesign.Fintone,Evangelin,Shulver,816-527-8789,8 Sheridan Pass
Lotlux,com.samsung.Treeflex,Alyce,O'Farris,854-951-2923,6056 Duke Hill
Fix San,edu.msu.Lotlux,Reinaldo,Menzies,924-186-6886,1 Reindahl Trail
Tampflex,com.alibaba.Trippledex,Edmon,Dhillon,591-834-0173,0 International Trail
Voltsillam,com.seattletimes.Tampflex,Antonietta,Redon,576-670-2641,866 Tennessee Parkway
Tres-Zap,com.wikispaces.Andalax,Eduard,Hellin,807-110-8673,9 Nancy Road
Toughjoyfax,com.homestead.Vagram,Gilli,Ferres,217-491-8502,3 Mallard Lane
Asoka,com.cnn.Fintone,Teodor,Knoller,380-273-2393,9 Waxwing Junction
Tres-Zap,com.skyrock.Flowdesk,Minnaminnie,Sysland,461-336-0064,3 Cherokee Trail
Daltfresh,jp.ne.so-net.Fixflex,Sadella,Shadwick,931-913-3987,0286 Crownhardt Hill
Mat Lam Tam,com.youku.Rank,Bordy,Beine,995-907-0742,4 Spohn Pass
Keylex,com.flickr.Otcom,Letti,Merigon,705-683-5177,5932 6th Point
Kanlam,com.jiathis.Bitchip,Nicolle,Nerheny,292-599-3286,64 Onsgard Hill
Konklab,com.imgur.Flowdesk,Dorolice,Coggeshall,476-126-8612,0 Brown Avenue
Tin,jp.ne.biglobe.Alphazap,Moselle,Flood,919-517-4983,2612 Pierstorff Center
Holdlamis,org.wordpress.Home Ing,Kellsie,McGeown,222-777-4208,8 Cherokee Hill
Wrapsafe,com.eventbrite.Konklab,Brantley,Benninck,214-296-1982,698 Bunting Place
Stringtough,com.alexa.Pannier,Syman,Chorlton,444-146-2912,8707 Dixon Way
Namfix,com.networksolutions.Zamit,Homere,Toupe,100-753-0159,1272 American Ash Lane
Subin,com.bloglines.Duobam,Noby,Sives,586-368-3664,22005 Esch Park
Stronghold,com.phpbb.Transcof,Staffard,Freschini,979-243-6538,5167 Cordelia Street
Konklux,net.furl.Span,Jess,Tison,114-250-2438,1 Golf Alley
Redhold,gov.cdc.Voyatouch,Joyce,de Grey,532-253-8762,8 Heath Center
Zaam-Dox,com.biblegateway.Tres-Zap,Doralin,Lathom,875-517-3558,699 Sullivan Trail
Veribet,com.usatoday.Asoka,Henryetta,Paolucci,499-428-3455,384 Crest Line Crossing
Temp,com.hao123.Duobam,Aurore,Lapides,869-419-0529,919 Declaration Hill
Andalax,gov.ca.Tres-Zap,Herta,McMakin,689-942-1221,41 Ohio Road
Konklab,edu.ucsd.Temp,Allene,Manntschke,447-821-9306,1765 Vera Junction
Keylex,com.bandcamp.Hatity,Cecily,Scrase,301-970-7994,7 Westend Drive
Asoka,uk.co.amazon.Flowdesk,Tanny,Fenelow,208-359-5973,9653 Surrey Crossing
Span,me.flavors.Toughjoyfax,Bonny,Caris,325-954-4678,2441 Meadow Valley Alley
Hatity,com.wix.Y-find,Krissy,Gypps,985-151-5987,51920 Declaration Street
Job,pl.google.Kanlam,Hobie,Huckett,237-848-7438,51 Katie Avenue
Tempsoft,gov.noaa.Hatity,Mariette,Shieldon,153-863-9381,4669 Rigney Avenue
Zathin,com.topsy.Bytecard,Ulrika,Westrip,873-952-1636,4057 Hoard Terrace
Zathin,com.printfriendly.It,Kirbie,Bayle,877-394-8734,1 Monterey Place
Bamity,com.businesswire.Gembucket,Avril,Aloshechkin,554-472-7702,091 Division Plaza
Tres-Zap,fr.google.Trippledex,Deb,L'argent,834-616-6940,4 Express Trail
Asoka,com.instagram.Voltsillam,Drugi,Yushmanov,978-400-5725,2 Holy Cross Pass
Zaam-Dox,edu.msu.Treeflex,Lavinie,Simonini,590-707-8143,03 Atwood Avenue
Hatity,com.bing.Toughjoyfax,Tuckie,Fenge,499-750-5905,06291 Jenna Crossing
Cardify,net.ovh.Aerified,Karlis,Dwyr,157-926-1503,25136 Carberry Park
Duobam,fm.last.Vagram,Letitia,Eagles,181-915-5952,23003 Russell Point
Alphazap,co.g.Keylex,Jamie,Mathiot,253-686-4435,70 Hoffman Point
Bytecard,com.yolasite.Keylex,Royce,Stuckes,624-904-6595,8331 Gale Circle
Y-Solowarm,com.github.Stronghold,Isahella,Penritt,594-262-5244,99450 Meadow Vale Crossing
Wrapsafe,com.gravatar.Holdlamis,Claudetta,McTerrelly,906-694-6461,2 Artisan Terrace
Stim,com.symantec.Andalax,Griffith,Ferriday,480-692-7687,461 Westridge Terrace
Veribet,com.wunderground.Matsoft,Boigie,MacParland,588-169-0703,2 Eagle Crest Alley
Viva,com.blogger.Wrapsafe,Llywellyn,Bryan,580-856-3887,4826 Autumn Leaf Point
Stim,nl.google.Stronghold,Erika,Tue,423-281-8876,3109 Forster Drive
Tres-Zap,com.java.Bamity,Junette,Roycraft,455-532-0537,134 Schlimgen Court
Toughjoyfax,edu.umich.Matsoft,Torr,Kos,667-696-3771,1 Jay Avenue
Wrapsafe,gov.nih.Holdlamis,Ermin,Bartkowiak,475-864-1309,92 Gina Terrace
Prodder,com.instagram.Stringtough,Nichole,Giraldo,248-953-9878,832 Harbort Place
Domainer,com.usnews.Asoka,Angus,Bartlett,132-447-7956,59326 Carey Road
Temp,com.deliciousdays.Aerified,Jackie,Willcock,692-171-1343,469 Chinook Crossing
Fix San,com.angelfire.Bitwolf,Cilka,Torbard,544-758-3574,57 Ronald Regan Circle
Konklux,jp.geocities.Alpha,Cordelie,Phillp,397-314-8578,69 Morning Circle
Asoka,com.meetup.Stringtough,Bennett,Tingley,401-617-9932,9 La Follette Avenue
It,com.163.Y-find,Doy,Gilling,960-616-7642,252 Alpine Pass
Job,com.xrea.Alphazap,Orbadiah,Vuitte,708-148-2952,1 Blue Bill Park Avenue
Subin,au.gov.nsw.Sub-Ex,Perl,Tytcomb,427-939-9218,6526 Birchwood Junction
Latlux,com.soundcloud.Job,Ailey,Pulfer,299-349-2644,97 Vahlen Plaza
Sonair,it.google.Daltfresh,Casi,Lecordier,880-650-0507,6 Ilene Hill
Holdlamis,uk.co.bbc.Zamit,Harwell,Andresser,725-755-5063,09 Hallows Court
Bytecard,info.aboutads.Aerified,Elsinore,Burchett,505-172-5932,8567 Hauk Alley
Tresom,com.feedburner.Span,Decca,McLucky,603-396-9053,7 Mayer Avenue
Bytecard,edu.psu.Home Ing,Winifred,Giacomoni,430-853-5025,86862 Oak Valley Park
Konklux,cn.com.sina.Cookley,Farrand,Prene,459-413-2742,1 Mandrake Parkway
Voltsillam,com.sun.Domainer,Elisha,Venus,865-466-3400,037 Talisman Avenue
Konklab,com.washingtonpost.Treeflex,Mignonne,Merida,169-628-3072,7002 American Ash Hill
Cardguard,com.sfgate.Stronghold,Griffith,Gobourn,235-667-0733,2 Barby Junction
Stim,com.sciencedirect.Cookley,Roslyn,Allone,709-761-0429,9 Fisk Point
Duobam,net.themeforest.Voltsillam,Elijah,Hubach,810-546-4233,09037 4th Center
Toughjoyfax,com.bloglines.Voltsillam,Darrel,Swainston,559-565-2470,918 Blackbird Alley
Mat Lam Tam,org.wikimedia.Vagram,Jacqui,Nacey,585-545-6609,8396 Aberg Court
Tres-Zap,com.webs.Tresom,Max,Shackelton,591-385-0299,2533 Eastwood Park
Toughjoyfax,au.gov.nsw.Job,Eric,Eloi,248-975-1703,162 Westerfield Junction
Opela,com.vistaprint.Namfix,Bridie,Hawton,143-594-0633,06023 Sutteridge Point
Overhold,com.mysql.Redhold,Pauly,Matyja,354-567-0681,1423 Village Green Hill
Vagram,com.mtv.Tres-Zap,Royall,Rodders,930-995-3810,20 Johnson Center
Alpha,com.buzzfeed.Transcof,Modestia,Emmerson,322-167-3581,545 Ohio Lane
Zathin,com.weather.Kanlam,Darryl,Nockles,607-351-6979,20 Melrose Street
Latlux,au.gov.oaic.Cardguard,Brnaby,Willacot,904-146-4986,44 Karstens Center
Quo Lux,ru.google.Tres-Zap,Bendicty,De Giorgi,467-843-1225,1963 Farragut Way
Flexidy,com.intel.Voltsillam,Marie,Sambidge,681-740-8194,48647 Derek Trail
Matsoft,com.blogspot.Hatity,Killy,Fardon,741-944-2879,49629 Veith Drive
Pannier,com.aol.Stringtough,Helge,Kearey,187-422-6825,496 Dunning Hill
Vagram,com.friendfeed.Subin,Kelsi,Hedgeley,868-420-8793,05 Cordelia Place
Wrapsafe,com.linkedin.Daltfresh,Leola,Willans,380-196-2692,011 Dovetail Terrace
Alpha,jp.japanpost.Otcom,Ivonne,Hannigan,638-611-5752,18845 Hoffman Junction
Namfix,com.walmart.Overhold,Yanaton,Harce,958-425-5210,404 Gale Avenue
Fix San,cz.toplist.Konklab,Sadie,Pesterfield,883-427-7124,07830 High Crossing Lane
Cookley,jp.i2i.Sonair,Jermayne,Lampitt,405-987-2819,685 Surrey Point
Konklab,net.comcast.Transcof,Leif,Wells,138-301-1600,4 Farmco Crossing
Tempsoft,de.spiegel.Mat Lam Tam,Ximenez,Pressnell,171-742-0989,7 Ohio Circle
Zathin,com.paypal.Regrant,Morgen,Waddams,769-831-9923,662 Dexter Junction
Fintone,com.hao123.Matsoft,Derwin,Raisher,968-470-0450,245 Macpherson Junction
Latlux,cn.com.sina.Flowdesk,Hannis,McGibbon,863-494-4291,3581 Shelley Parkway
Andalax,edu.tamu.Overhold,Nessa,Florence,853-498-4948,01399 Moulton Alley
Domainer,org.altervista.Tempsoft,Lisle,Dayer,231-966-1544,5 Harbort Court
Viva,edu.washington.Zamit,Shirleen,Hallett,407-209-8873,75957 Evergreen Parkway
Cardify,com.tinyurl.Voltsillam,Dennie,Beharrell,872-973-3794,19 Anniversary Hill
Cookley,org.redcross.Pannier,Nikolas,Sima,217-699-6437,69 Melby Center
It,edu.princeton.Bitwolf,Viva,Ganford,438-321-4724,77 Schiller Road
Temp,com.wp.Bytecard,Sax,Mawdsley,268-583-4104,3 Forest Dale Place
Lotstring,com.howstuffworks.Otcom,Karel,Gudde,527-699-8320,06071 Cambridge Lane
Y-Solowarm,io.pen.Alpha,Forster,Jeans,889-688-0262,75724 Dayton Drive
Otcom,com.naver.Greenlam,Eliot,Cheltnam,214-530-0440,9403 Lawn Center
Temp,com.cargocollective.Namfix,Felisha,Cheetam,477-293-3380,49986 Michigan Crossing
Keylex,com.slate.Tin,Ulysses,Wardell,885-953-1331,90391 Scofield Hill
Sonair,com.usnews.Pannier,Dav,Robins,265-296-1499,50898 Spaight Crossing
Quo Lux,com.163.Solarbreeze,Adel,Giacomuzzo,134-457-7000,3422 Texas Road
Keylex,gov.nasa.Wrapsafe,Neall,Almond,329-996-6122,33 Pawling Hill
Ronstring,com.theatlantic.It,Thain,Placide,601-988-1614,46175 Rigney Avenue
Hatity,gov.nps.Lotstring,Chastity,Ventris,133-171-0377,7 Declaration Park
Cookley,com.theguardian.Lotlux,Cristie,Frediani,298-626-5946,471 Twin Pines Hill
Cookley,com.youtube.Span,Delia,Nethercott,795-987-2020,2 Ohio Plaza
Toughjoyfax,us.tx.state.Duobam,Mel,MacParlan,746-532-7458,75 Ramsey Court
Zoolab,org.joomla.Zathin,Cari,Rozenzweig,129-198-5505,34170 Banding Terrace
Asoka,com.indiegogo.Keylex,Sabra,Schwandermann,930-541-8141,15 Commercial Crossing
Home Ing,org.simplemachines.Namfix,Duffie,Harbert,506-692-2759,4371 6th Circle
Trippledex,jp.co.yahoo.Ventosanzap,Betta,Lechmere,212-251-3745,18 Continental Hill
Konklab,com.techcrunch.Matsoft,Dolores,Meanwell,810-312-5348,0447 Leroy Drive
Tampflex,com.oracle.Fintone,Joan,Giroldo,164-853-1762,7824 Erie Parkway
Home Ing,com.shinystat.Greenlam,Florina,Genicke,175-309-2731,790 Elmside Alley
Holdlamis,com.ezinearticles.Home Ing,Artus,Ellingham,248-195-4334,4 Hagan Parkway
Zoolab,au.com.google.Bamity,Gawain,Bratt,300-509-9440,921 4th Street
Trippledex,com.cnbc.Flowdesk,Donica,Wrixon,843-504-5160,7 Waywood Pass
Lotstring,gov.dot.Ventosanzap,Brunhilde,Friman,982-807-4818,633 Vahlen Center
Tres-Zap,com.theglobeandmail.Flowdesk,Sophronia,Stalman,611-118-8434,6496 Stuart Drive
Sonsing,com.shutterfly.It,Leonidas,Kehir,221-564-2989,43892 Randy Junction
Span,com.reference.Y-find,Bianka,MacGill,337-905-8218,0204 Talmadge Hill
Lotlux,com.nymag.Temp,Palmer,Abyss,187-116-2872,2 Weeping Birch Park
Mat Lam Tam,com.issuu.Zamit,Babs,Conkay,615-455-2672,00 Bay Point
Temp,com.youku.Asoka,Florina,Picknett,834-827-2264,101 Kedzie Center
Domainer,com.indiatimes.Tempsoft,Staci,Scholig,602-486-0583,08 Reindahl Junction
Cookley,com.wordpress.Prodder,Auberon,Blinkhorn,970-910-3576,4689 Randy Drive
Biodex,ru.liveinternet.Duobam,Genny,Somerled,742-670-9739,34 Thompson Avenue
Daltfresh,com.opera.Bamity,Betteanne,Ibbitson,621-387-9575,3622 Lakewood Gardens Point
Stringtough,com.gizmodo.Ventosanzap,Rea,Peplay,938-711-6002,52236 Porter Park
Flexidy,br.com.uol.Fintone,Veronike,Tight,898-606-9798,0814 Oakridge Hill
Ventosanzap,com.apple.Konklux,Cathee,Roddick,800-869-3450,73246 Vera Place
Andalax,gov.hhs.Stringtough,Culver,Pharro,855-691-8948,6 Vera Way
Lotlux,com.webs.Fix San,Evaleen,Moreby,922-874-1909,1 Clemons Drive
Tempsoft,com.mediafire.Duobam,Temp,Eakeley,983-697-6060,58 Portage Road
Voyatouch,com.wikispaces.Rank,Rodrigo,Chetter,535-696-7312,45848 Hauk Street
Stim,cn.com.china.Kanlam,Cedric,Bendel,630-580-9082,67311 Dapin Street
Sub-Ex,com.oracle.Bamity,Jessamyn,Curston,513-877-0345,5 Melby Pass
Cardify,com.mayoclinic.Hatity,Carey,Thornton,880-258-3187,8 Loomis Drive
Bamity,ru.yandex.Quo Lux,Laureen,Barke,127-592-9173,68004 School Parkway
Tampflex,com.eventbrite.Andalax,Coraline,Dulen,110-723-9325,6 Hintze Park
Cardguard,jp.ne.so-net.Fix San,Bess,Vatini,817-146-2165,10017 Lighthouse Bay Place
Ventosanzap,uk.nhs.Stim,Raymond,Kielty,664-637-8138,6 6th Parkway
Greenlam,com.lycos.Bytecard,Teddy,Czajka,386-701-8347,99 Debs Park
Cardguard,us.imageshack.Subin,Wylma,Adamsen,825-849-0132,86610 Bluejay Lane
Latlux,com.shinystat.Veribet,Andras,Corzor,577-759-7152,09 Oxford Terrace
Konklux,uk.nhs.Veribet,Jaquenetta,Rasmus,209-805-7154,02 Melrose Avenue
Zaam-Dox,com.digg.Trippledex,Auberta,Sumner,379-384-8646,8 Hovde Pass
Bamity,com.nymag.Home Ing,Alysia,Leckie,468-137-8880,8338 Dapin Place
Stronghold,jp.ne.dion.Alpha,Tildi,McTavish,625-930-8350,0 Monica Plaza
Sonsing,ca.google.Transcof,Stacy,Edworthye,433-278-1999,32013 Forest Parkway
Tempsoft,com.wufoo.Tin,Cayla,Grey,862-903-9049,8 Aberg Avenue
Mat Lam Tam,com.hao123.Tresom,Charita,Costy,526-209-1875,824 Shelley Circle
Temp,gov.fema.Bitwolf,Malvina,Tuxell,342-682-2343,60 Hazelcrest Drive
Latlux,com.reuters.Cookley,Elysia,Licquorish,752-980-3935,44 Cordelia Crossing
Veribet,com.ehow.Solarbreeze,Riane,Phythean,593-980-4950,73 Old Gate Parkway
Fintone,be.youtu.Opela,Quinlan,Ding,572-822-5635,4 Lunder Drive
Viva,com.cdbaby.Fixflex,Caspar,Keer,507-134-5650,0691 Fuller Lane
Toughjoyfax,com.technorati.Otcom,Sig,Lain,992-875-0045,60 Anderson Junction
Latlux,com.weibo.Bigtax,Miguelita,Tebald,568-634-5959,62306 Macpherson Plaza
Temp,com.hexun.Overhold,Lorant,Handasyde,637-811-6583,25 Blue Bill Park Junction
Holdlamis,net.a8.Bitwolf,Lidia,Balma,918-347-9278,80849 Pleasure Plaza
It,com.godaddy.Veribet,Kassi,Crux,714-368-4205,5480 Mendota Crossing
Andalax,com.naver.Bitwolf,Ariella,Dripp,350-603-3231,2974 Harbort Plaza
Tempsoft,com.apple.Overhold,Ruperta,Mustin,682-758-0918,31316 Pearson Way
Wrapsafe,com.reuters.Fix San,Quentin,Saddler,973-716-0236,0964 Delaware Terrace
Holdlamis,com.squarespace.Rank,Luke,Millmore,188-784-0655,5289 Michigan Pass
Lotstring,gov.loc.Tampflex,Abelard,Lunbech,445-720-0817,99776 Randy Point
Wrapsafe,com.purevolume.Wrapsafe,Erda,Denisyuk,501-885-2890,2841 Messerschmidt Crossing
Namfix,jp.ne.so-net.Zoolab,Svend,De Simoni,606-998-0704,631 Del Sol Pass
Viva,com.webnode.Sub-Ex,Tobye,MacGillivrie,559-603-5906,215 Mallard Court
Ventosanzap,com.apple.Y-Solowarm,Lewes,Kleiser,838-391-2581,80995 Union Park
Tempsoft,com.symantec.Bitchip,Sullivan,Dundridge,365-131-1208,11889 Evergreen Center
Fix San,net.php.Sub-Ex,Con,Pretti,549-893-9154,15 Cody Center
Fixflex,com.acquirethisname.Opela,Dalis,Gandy,304-855-2769,057 Dawn Parkway
Bitwolf,com.pcworld.Trippledex,Heinrik,Taillard,119-345-8829,515 Glacier Hill Place
Span,org.altervista.Holdlamis,Corbin,Claque,279-548-9981,5 John Wall Way
Trippledex,com.twitpic.Asoka,Rasla,Bason,971-493-1420,857 Troy Avenue
Solarbreeze,jp.shop-pro.Voltsillam,Rod,Dempsey,973-534-6571,99695 Stoughton Court
Bitwolf,com.com.Namfix,Mildred,Godspede,860-401-1242,314 Burrows Hill
Zathin,com.cloudflare.Holdlamis,Rochelle,Heading,102-761-7442,879 Express Park
Bitchip,com.yellowbook.Home Ing,Marty,Shere,891-601-7332,37 Summit Junction
Aerified,com.twitter.Zontrax,Magdalen,Thornhill,490-934-9607,0835 Calypso Drive
It,uk.co.google.Matsoft,Goraud,MacCrann,367-620-0063,84524 Forest Run Hill
Temp,jp.ne.ocn.Tampflex,Franky,Lansdowne,614-421-9300,183 Clarendon Center
Konklab,com.theguardian.Hatity,Gunar,Cullingford,829-856-1600,66 High Crossing Terrace
Sonair,gov.nih.Rank,Matthus,Briskey,385-664-6907,1 Warrior Way
Stringtough,gov.ftc.Ventosanzap,Jobi,Paladini,118-988-9285,0 Mesta Court
Stim,ru.rambler.Tin,Baily,Dougill,428-405-0513,1221 Goodland Plaza
Transcof,com.nba.Cardify,Luisa,Dimmack,902-225-3063,3432 Melby Drive
Bigtax,com.indiatimes.Tres-Zap,Seward,Epinay,656-292-7097,518 Melrose Center
Job,com.hao123.Zontrax,Brynn,Bedenham,176-138-0709,4 Buhler Hill
Zamit,org.un.Stronghold,Miran,Sellan,915-457-0730,0597 Graedel Alley
Bamity,com.macromedia.Otcom,Ettore,Pingston,746-718-7497,8 Dunning Plaza
Voyatouch,com.chronoengine.Subin,Stuart,Leming,952-373-9805,4610 Haas Terrace
Tresom,gov.usgs.Trippledex,Putnam,Bellin,901-419-8444,369 Derek Alley
Redhold,com.multiply.Aerified,Hunfredo,Czapla,272-414-9952,12 Kedzie Lane
Lotstring,jp.japanpost.Veribet,Jourdan,Jearum,561-990-4320,5 American Terrace
Wrapsafe,de.amazon.Bamity,Myer,Whittock,355-796-8123,7202 Roth Road
Cardguard,edu.upenn.Trippledex,Alyssa,Elkington,314-618-8413,2 Magdeline Way
Redhold,com.booking.Cookley,Doretta,Moule,867-527-4953,29 Lindbergh Alley
Tresom,net.slideshare.Lotstring,Sandor,Cud,510-726-5459,073 South Circle
Stim,edu.washington.Alpha,Rogerio,Ladlow,772-655-5306,0376 Anzinger Place
Zamit,com.arstechnica.Gembucket,Lorain,Applegate,742-797-7283,19961 Tennessee Avenue
Latlux,com.jiathis.Regrant,Aubrie,Jarritt,659-981-0843,47 Marcy Avenue
Bigtax,com.prnewswire.Toughjoyfax,Ulick,Bockh,896-864-9063,04 Declaration Drive
Bytecard,com.histats.Tresom,Carlin,Medlar,768-538-1718,8233 Bunting Junction
Opela,com.omniture.Stronghold,Janina,MacCracken,451-952-7132,18605 Eagan Alley
Holdlamis,com.myspace.Otcom,Berrie,Powys,376-716-2573,0559 Lunder Drive
Toughjoyfax,com.bluehost.Andalax,Terri,Dine-Hart,818-532-4431,108 Mcguire Center
Toughjoyfax,com.yelp.Toughjoyfax,Theresita,Standish-Brooks,448-579-4540,0 Cordelia Hill
Biodex,edu.arizona.Prodder,Lizabeth,Rable,867-479-5725,744 Del Mar Court
Toughjoyfax,com.disqus.Holdlamis,Sunny,Elphinstone,229-432-5240,90 Texas Alley
Rank,com.zimbio.Viva,Vito,Toe,645-547-4785,2 Logan Park
Fintone,com.printfriendly.Bitwolf,Blake,MacCome,503-786-1068,23837 Sommers Alley
Tampflex,gd.is.Fixflex,Deva,Redler,956-211-3465,9448 Sundown Pass
Stringtough,com.msn.Zontrax,Ivette,Embra,233-961-9867,42069 Crest Line Hill
Holdlamis,org.bbb.Sub-Ex,Haslett,Elliss,650-109-1273,13197 Stang Crossing
Alphazap,com.godaddy.Holdlamis,Libbie,Kirkham,644-429-1033,358 Shelley Road
Otcom,uk.co.independent.Rank,Darius,Alekseev,382-775-4477,6633 Bultman Crossing
Solarbreeze,com.ft.Konklab,Ysabel,Cess,300-900-0753,63060 Florence Junction
Konklux,com.addtoany.Asoka,Twyla,Rittmeier,219-477-1731,8 Independence Center
Konklab,com.blinklist.Opela,Ara,Darleston,260-153-8958,86498 Northport Point
Flexidy,com.ask.Konklab,Danyette,Akred,822-279-0402,99703 Jenifer Center
Sonair,com.bravesites.Trippledex,Rutledge,Larroway,902-206-9446,3 Melrose Place
Alphazap,com.technorati.It,May,Maffi,636-248-0085,3567 Dovetail Drive
Kanlam,org.unesco.Sonair,Garv,Hulse,381-818-3334,66 Spenser Pass
Cardguard,gd.is.Fix San,Abbi,Binestead,698-624-3125,05265 Lakewood Gardens Junction
Fintone,com.163.Daltfresh,Analiese,Aizikovich,333-658-7421,9 Melody Place
Gembucket,com.marriott.Transcof,Eldin,Ambrogetti,570-426-9709,77823 Iowa Court
Bitchip,co.t.Tres-Zap,Brett,Dahmel,761-588-6893,69 Donald Junction
Ronstring,com.weather.Cardify,Aluino,Bernini,677-497-3327,32515 John Wall Lane
Tampflex,com.sun.Daltfresh,Dominique,Lubbock,732-681-1302,78418 Pearson Circle
Greenlam,com.feedburner.Sonsing,Sibeal,Driffill,935-506-0453,76 Nova Center
Span,gl.goo.Wrapsafe,Stesha,Rathke,108-156-0994,1 Merrick Plaza
Tampflex,com.tumblr.Tres-Zap,Bastien,Labbati,173-222-7513,01 Pine View Junction
Bamity,org.bbb.Konklab,Laurie,Kauble,273-583-0927,6979 Stuart Drive
Bigtax,uk.co.independent.Fix San,Barbabra,Bachellier,112-629-3252,9683 Twin Pines Parkway
Veribet,edu.umn.Pannier,Amanda,Clarey,313-285-7890,19899 Merrick Point
Cardguard,com.chicagotribune.Matsoft,Lilas,Presland,256-162-0675,19587 4th Terrace
Flexidy,net.comcast.Bamity,Orin,Daintier,508-886-6004,89 Hazelcrest Point
Holdlamis,com.facebook.Gembucket,Dru,Griffithe,505-133-9940,799 Mifflin Center
Job,uk.co.timesonline.Vagram,Florencia,Soan,754-801-1014,1782 Esker Circle
Zamit,com.huffingtonpost.Andalax,Gary,Tulk,982-832-1670,541 Pond Pass
Span,com.cloudflare.Sonair,Alisa,Furlonge,779-768-9144,6223 Oakridge Junction
Regrant,br.com.uol.Alpha,Moreen,Yelden,891-907-3856,29723 Butternut Way
Bigtax,gov.irs.Bigtax,Coretta,Wontner,963-963-6753,9906 Carey Point
Zamit,org.un.Lotstring,Reginauld,Bardwell,216-984-2732,037 Dexter Hill
Viva,com.hubpages.Tempsoft,Durand,Scollard,871-565-5875,449 Blue Bill Park Place
Y-find,com.discovery.Sub-Ex,Hillel,Moubray,728-506-5512,99473 Lotheville Center
Tempsoft,com.patch.Stronghold,Cassandry,Lumsdale,744-401-9484,443 Old Shore Parkway
Voyatouch,org.apache.Tin,Ingra,Goodredge,918-249-4703,6 Surrey Way
Andalax,org.apache.Toughjoyfax,Oriana,Bramhall,269-622-9817,20740 Northridge Hill
Sonsing,pl.google.Bamity,Dionysus,Markham,690-333-7524,4 Tony Drive
Cardify,com.washingtonpost.Alphazap,Austen,Hansel,751-209-5888,7979 Brickson Park Junction
Voyatouch,com.hugedomains.Treeflex,Michel,Beeho,613-718-4298,0095 Monument Plaza
Zaam-Dox,com.meetup.Zaam-Dox,Reinold,Vaisey,850-502-2909,60 Muir Road
Fintone,com.google.Cookley,Job,Salzen,797-383-9698,8363 Hovde Hill
Subin,gov.loc.Tresom,Lucina,Hackwell,855-863-9366,1 Fisk Crossing
Holdlamis,edu.columbia.Cardify,Darby,Kerridge,428-644-7695,31088 Pawling Place
Bitwolf,net.jalbum.Alpha,Shauna,Moreland,529-411-1279,4 Lukken Terrace
Ventosanzap,gd.is.Regrant,Filia,Ledbetter,882-448-6029,09 Westerfield Point
Zoolab,com.jigsy.Regrant,Heinrik,Haycock,486-577-8520,5 North Avenue
Vagram,com.boston.Ronstring,Isacco,Kennefick,950-565-3307,8647 Crest Line Road
Rank,com.ning.Flexidy,Giffard,Castane,498-164-8056,384 Saint Paul Point
Bytecard,com.photobucket.Tresom,Wainwright,de Vaen,371-828-2576,45 Pierstorff Avenue
Flowdesk,edu.cornell.Latlux,Dyan,Naden,603-164-5641,2396 Valley Edge Way
Cardify,com.examiner.Lotlux,Alexandrina,Muckloe,628-477-0224,1 Hagan Drive
Flowdesk,eu.europa.Redhold,Betty,Gallego,177-672-9668,8714 Bowman Terrace
Bitchip,com.addthis.Kanlam,Hewett,Reeson,804-782-7453,6 Sundown Avenue
Hatity,com.baidu.Transcof,Willabella,Atter,712-338-5856,598 Talisman Court
Alpha,com.cisco.Overhold,Quillan,Juggins,734-435-2536,20 Clemons Court
Redhold,de.t-online.Fix San,Alix,Foskett,134-584-2676,071 Westerfield Avenue
Stringtough,edu.berkeley.Flowdesk,Wilow,Langthorne,476-236-5669,26 Oak Center
Regrant,gov.ca.Job,Fidelio,Ruddin,401-249-8712,8 Laurel Terrace
Latlux,com.newyorker.Opela,Shoshanna,Kikke,219-979-5229,9 Northfield Parkway
Tin,com.vk.Solarbreeze,Tammy,Duffie,376-575-2948,93 Autumn Leaf Center
Tampflex,com.wunderground.Daltfresh,Franny,Aers,720-178-2435,94415 Aberg Trail
Y-Solowarm,com.tinypic.Konklux,Aundrea,Casel,439-777-2413,27 Forster Parkway
Zamit,com.wikia.Voltsillam,Morna,Haps,895-978-5022,0561 Darwin Trail
Bitchip,gov.nps.Span,Lavena,Yarrall,396-434-7042,5299 Maywood Lane
Zamit,com.webmd.Redhold,Frances,Scorrer,474-918-5789,30270 Golden Leaf Lane
Cookley,org.simplemachines.Kanlam,Maude,Philips,923-208-8462,51 Vernon Park
Subin,ru.liveinternet.Zamit,Patrizius,Fishpool,602-305-2259,093 Walton Parkway
Duobam,com.angelfire.Wrapsafe,Cacilia,Awcock,958-984-4592,04253 Old Shore Park
Y-find,com.dell.Konklux,Ilse,Michieli,181-567-7510,7 Mallard Way
Ventosanzap,com.hexun.Zathin,Adele,Gilmour,665-356-7916,517 Ruskin Center
Zoolab,org.apache.Veribet,Gothart,McKeurtan,394-367-1811,1 Myrtle Way
Latlux,com.dropbox.Prodder,Shawnee,Daymont,524-629-3348,7 Norway Maple Drive
Ronstring,com.forbes.Mat Lam Tam,Cedric,Lorence,835-771-1303,93 Eagle Crest Circle
Hatity,com.cafepress.Konklux,Adi,Iacobacci,971-691-6023,554 Morningstar Park
Andalax,com.twitpic.Flexidy,Radcliffe,Dartnell,936-571-9882,4 Schmedeman Alley
Bitwolf,com.wp.Aerified,Frederich,Pooke,968-765-7401,066 Graceland Park
Fix San,com.instagram.Viva,Mirilla,Comelli,119-736-4015,33534 Graedel Point
Tresom,net.discuz.Viva,Kristofor,Macak,926-385-9555,17 Elka Crossing
Flowdesk,com.hugedomains.Tampflex,Cyb,Le Claire,813-921-1350,0114 Paget Street
Hatity,com.youku.Domainer,Emmalynne,Rannald,562-936-9004,47909 Almo Point
Lotlux,com.bloglovin.Flexidy,Padraig,Epilet,483-718-6027,64 Dixon Park
Alpha,cn.gov.miitbeian.Lotstring,Avery,Matousek,764-680-1535,5 Mockingbird Point
Sonsing,jp.jugem.Bigtax,Jorry,Crittal,662-614-2697,05333 Mcbride Drive
Cookley,ch.admin.Bigtax,Dorelia,Whebell,836-666-9063,32224 Northland Trail
Overhold,org.altervista.Zamit,Essa,Cohn,981-422-6795,79 Dexter Road
Mat Lam Tam,com.engadget.Fix San,Daffi,Coyett,911-815-8327,8 Clarendon Court
Vagram,com.wunderground.Duobam,Georgena,Garmston,394-874-1851,51474 Oxford Parkway
Greenlam,com.delicious.Greenlam,Merrie,Holdron,680-305-4434,1 Fisk Point
Stringtough,com.cyberchimps.Matsoft,Hedvig,Bollans,833-257-4924,31 Derek Drive
Tempsoft,com.gizmodo.Zaam-Dox,Waylon,Hiley,626-556-1230,24 Valley Edge Way
Zathin,uk.co.timesonline.Sonsing,Laurianne,Blacklidge,128-400-1172,937 Cottonwood Alley
Subin,me.flavors.Cardify,Crichton,Birkby,310-374-0621,94 Blaine Parkway
Fixflex,de.t-online.Sonair,Dosi,Reilinger,535-557-3104,3 Laurel Avenue
Aerified,com.woothemes.Lotlux,Donielle,Jeaffreson,259-717-2368,309 Stang Circle
Viva,com.surveymonkey.Alpha,Reggie,Lovering,574-516-1598,89 Manley Terrace
Subin,com.globo.Konklab,Minnaminnie,Pietrowski,569-908-6454,05 Loomis Court
Stringtough,com.scientificamerican.Flexidy,Flynn,Alfonsetti,697-185-0512,64559 Bunker Hill Junction
Span,io.soup.Overhold,Raphael,Rawstron,837-519-4786,50 Crest Line Avenue
Voyatouch,com.msn.Hatity,Blane,Castilla,249-159-7821,563 Steensland Circle
Fintone,com.sohu.Hatity,Ivor,Hallen,906-303-4174,88 Hudson Way
Stim,com.salon.Mat Lam Tam,Jayne,Paddington,684-894-7124,98 Dryden Plaza
Flowdesk,com.bloomberg.Gembucket,Cherilynn,Poynser,842-829-1458,9 Grover Avenue
Holdlamis,co.t.Tin,Blanche,Donaldson,287-124-1259,40067 Brickson Park Road
Asoka,ru.liveinternet.Lotlux,Shell,Hargraves,167-346-3656,0691 Sundown Parkway
Wrapsafe,com.issuu.Domainer,Melantha,Lewry,215-764-6859,79 Butterfield Street
Fixflex,com.businesswire.Temp,Lona,Agirre,680-832-0501,5334 Darwin Drive
Regrant,com.elegantthemes.Kanlam,Meredith,Posnette,496-533-8741,7197 High Crossing Plaza
Latlux,be.youtu.Wrapsafe,Stevie,MacWilliam,493-473-9584,70 Morning Park
Viva,com.wiley.Flexidy,Theda,Sherston,843-521-5544,93 Petterle Way
Span,jp.ne.hatena.Hatity,Wyndham,Steanyng,845-691-1978,3895 Victoria Avenue
Stringtough,gov.hud.Hatity,Benji,Campa,308-903-8407,8 Portage Point
Ventosanzap,com.cargocollective.Redhold,Sheffield,Van der Merwe,112-439-1452,751 Eggendart Drive
Bitchip,la.51.Y-Solowarm,Phyllys,Posnette,747-260-3836,70 Ronald Regan Road
Bigtax,ru.yandex.Overhold,Mack,Kempshall,985-470-3629,33 Londonderry Plaza
Fix San,com.qq.Zathin,Melitta,Fumagall,248-875-7597,1 Bashford Street
Kanlam,br.com.google.Flexidy,Sharleen,Suffe,396-315-0536,6 Darwin Avenue
Cardguard,com.mysql.Rank,Sarena,MacIllrick,241-260-8672,60880 Mcbride Alley
Aerified,com.booking.Overhold,Helsa,Rushton,790-459-8248,92 3rd Place
Konklux,gov.loc.Voyatouch,Herb,Iwaszkiewicz,314-413-3577,9 Russell Terrace
Job,it.google.Ronstring,Murry,Crosoer,319-233-1579,4 Packers Circle
Tresom,com.usnews.Solarbreeze,Clio,Dunseath,261-125-4089,32422 Merchant Point
Subin,com.businessinsider.Andalax,Boony,Middiff,373-727-5761,923 Norway Maple Crossing
Matsoft,edu.unc.Bitchip,Bettina,Eldrid,521-794-9438,784 Butternut Parkway
Bitchip,com.reddit.Zoolab,Kelsy,Babidge,877-205-3089,5 Messerschmidt Hill
Toughjoyfax,jp.ne.so-net.Fintone,Toddie,Norcutt,324-727-8862,190 Golf View Trail
Greenlam,org.pbs.Cardguard,Tricia,Scholl,238-672-3866,0 Sutteridge Court
Namfix,ru.narod.Span,Marillin,McCague,500-859-1402,00 Delaware Lane
Subin,org.unicef.Solarbreeze,Lief,Tolan,378-394-1549,529 Cordelia Alley
Konklab,com.theguardian.Latlux,Horatius,Boyson,178-578-0096,9222 Sachtjen Point
Bitchip,fr.unblog.Gembucket,Clemence,Baden,936-592-0295,57 Northview Pass
Regrant,org.gmpg.Alphazap,Stephi,Blythe,666-784-0482,85713 Starling Pass
Subin,com.ning.Toughjoyfax,Jacynth,Beauman,931-569-6496,999 Haas Plaza
Voyatouch,com.hp.Solarbreeze,Jo,Looker,352-371-7580,53015 Merchant Court
Overhold,com.digg.It,Sherwynd,Cufley,839-601-7247,7088 3rd Way
Tempsoft,com.cloudflare.Holdlamis,Renee,Lindborg,362-384-3560,2682 Kingsford Circle
Konklux,com.scribd.Kanlam,Hube,Broune,832-661-8891,00617 Pankratz Lane
Zaam-Dox,com.canalblog.Duobam,Fletch,Hext,346-600-0146,9725 Vidon Trail
Quo Lux,com.bizjournals.Transcof,Natka,Coggins,696-177-0165,569 Artisan Plaza
Cookley,pl.home.Redhold,Boigie,Jonk,151-877-9308,91 Annamark Junction
Stringtough,com.smugmug.Y-find,Chucho,Timmins,434-351-0591,2210 Northwestern Plaza
Fixflex,de.spiegel.Tampflex,Dillie,Eades,825-532-1209,32320 Anniversary Parkway
Fix San,net.behance.Cardguard,Josi,Squelch,159-916-6501,8 Swallow Parkway
Cardguard,au.net.abc.Ronstring,Jamal,Muskett,802-163-5665,1910 Village Circle
Transcof,gov.ed.Namfix,Druci,Peel,287-131-1290,8 Little Fleur Trail
Pannier,com.usnews.Zamit,Donnie,Gaunter,967-724-0178,22556 Debs Parkway
Cardify,gov.state.Flexidy,Nap,Casemore,572-199-5278,5 Rowland Terrace
Fixflex,gov.ftc.Tres-Zap,Base,I'anson,543-979-6879,33 Park Meadow Lane
Cardify,com.chronoengine.Domainer,Bogey,Norcott,872-509-6460,97 Waubesa Terrace
Zoolab,gov.ftc.Subin,Boony,Grushin,228-413-0194,7 Randy Center
Cardguard,com.businessinsider.Otcom,Windy,Earey,671-228-6771,52 Orin Lane
Solarbreeze,uk.nhs.Tin,Kelley,Younglove,217-433-1140,6 Crest Line Terrace
