code,name,info,nit,cost
57520-0556,Tempsoft,War inj:incndiary bullet,01B84ZZ,36.00326
41268-175,Ronstring,Diffuse cholesteatosis,0SJB3ZZ,376.03867
68084-251,Veribet,Coag def hemorr-unspec,03790DZ,959.68667
35356-830,Domainer,"Sed,hyp,anxiolytc ab-NOS",0Y9J3ZX,627.93748
49288-0730,Transcof,Wrestling,0MM84ZZ,529.97784
55154-1278,Cardify,Extravstn vesicant chemo,03LT3DZ,466.63093
24658-142,Zaam-Dox,Amniotic embolism-unspec,3E0R3HZ,476.93222
10812-323,Sonair,Alt esotrop w x/y pattrn,03924ZZ,106.02557
11994-016,Ronstring,Congen abn uterus-deliv,0RP10AZ,750.91455
54569-0861,Wrapsafe,Acc pois-oth anti-infect,0RWC34Z,48.53026
16590-375,Job,Periprosthetc osteolysis,0B553ZZ,362.93655
49288-0913,Zathin,Ben carcinoid sig colon,0JCG3ZZ,907.43389
43742-0434,Kanlam,Longitudinal defic foot,0T9340Z,210.96201
49358-547,Andalax,Deformity reconst breast,2W0SX1Z,529.91668
76214-045,Redhold,Ac/subac bact endocard,9WB9XLZ,617.4044
47335-923,Bamity,"Recent detachment, total",0DBF3ZZ,567.86341
63777-217,Bytecard,Hemarthrosis-up/arm,0016371,695.25262
51531-5394,It,Dissociative react NOS,05R607Z,432.87073
49349-842,Bitchip,Acc poison-fusel oil,0RW438Z,217.7852
43857-0236,Bamity,Opn wnd larynx w trachea,04733GZ,61.78613
0054-3185,Bitwolf,Granuloma of conjunctiva,XRG,162.73279
43269-616,Zontrax,Intern organ deficiency,059S4ZX,822.54537
60429-721,Cardguard,Malig melanoma skin NOS,0VWM8KZ,603.16636
13734-014,Solarbreeze,Penetrat wnd orbit w FB,0G5C0ZZ,626.61795
13826-001,Biodex,Extrinsic eustach obstr,041C094,334.10204
0135-0530,Vagram,Convalescence NEC,0HBV8ZZ,304.23027
65597-113,Tempsoft,Atrophic flaccid tympan,021V0JS,280.88119
36800-080,Stronghold,Cl skul base fx-coma NOS,047V366,453.75276
0299-3849,Sonsing,Patulous eustachian tube,03LB0CZ,969.8608
49999-090,Ronstring,Unc behav neo lung,041M4AP,706.1961
59503-2605,Stim,Open wound of ear NOS,0DVF8ZZ,633.39933
10702-029,Fintone,Hyposmolality,0RQRXZZ,551.31272
54879-002,Treeflex,Unsocial unaggress-mod,0RHV08Z,167.63298
57344-136,Bytecard,Multiple nb/sb-nonhosp,06B00ZZ,839.99757
33261-029,Prodder,Tripl gest-plac/sac NOS,0QUC47Z,939.44768
45802-032,Biodex,Flu dt avian w oth resp,06BQ3ZX,796.71217
23638-1111,Domainer,Mantle cell lym xtrrndl,0MN43ZZ,91.87011
64680-0001,Aerified,Contraceptive mangmt NEC,0F154Z9,467.94127
0363-0838,Flexidy,Onchocerciasis,06U33KZ,15.34104
10631-110,Stringtough,Pneumococcal meningitis,021X0ZB,307.50377
0023-9163,Konklab,Bilateral small kidneys,0W0F0JZ,569.70411
60055-647,Alphazap,Delusional disorder,0FH042Z,216.52258
50242-073,Cardguard,Cortex contus-mod coma,04RF0KZ,966.55695
68345-862,Pannier,Intestinal fixation anom,09NL0ZZ,884.2858
53208-531,Bitwolf,Mucocutan lymph node syn,0BL27DZ,896.97713
41190-175,Bitwolf,Food pois d/t c. perfrin,0QPDX5Z,491.20043
76049-002,Tampflex,Reading disorder NEC,06VB3CZ,875.41323
47593-114,Voyatouch,Diabetic cataract,3E053HZ,377.10375
42571-122,Domainer,Sqm cel skn face NEC/NOS,0UF67ZZ,890.09674
49643-414,Treeflex,Acc poisn-cns depres NEC,037C4E6,791.5711
12634-179,Span,Venomous arthropods NEC,041E0AG,800.39741
42291-160,Prodder,Idio periph neurpthy NOS,0PQC3ZZ,105.31603
10337-332,Otcom,Open-angle glaucoma NOS,DB21DZZ,452.6326
36800-958,Tres-Zap,Spon labr w plan C/S-del,0Y9J4ZZ,437.20736
35356-744,Bitchip,Adv eff topic dental drg,04LH0DZ,774.59826
11523-0887,Tresom,Hypermobility syndrome,0DC93ZZ,171.60091
51531-5395,Daltfresh,Adjustment hearing aid,F01H0UZ,184.03292
24385-145,Lotstring,Primary CNS lymph multip,0DL94ZZ,977.42378
48951-8254,Job,Uncer neo endocrine NEC,D7072ZZ,104.97933
48951-4018,Mat Lam Tam,Congen mitral stenosis,06744ZZ,225.097
0268-1225,Cookley,War inj:explosion NEC,0QRL0JZ,417.22607
66472-040,Pannier,Cl sk w oth fx/cereb lac,0RPX48Z,287.81385
54868-6286,Subin,Cl skl vlt fx-concus NOS,0FQ64ZZ,982.56601
55154-0736,Trippledex,Communic dis contact NEC,0YUK07Z,941.22894
54868-4899,Fixflex,Splenic artery aneurysm,DB055ZZ,870.67927
59779-115,Redhold,TB bronchiect-histo dx,3E0G829,585.68561
51532-5104,Bigtax,Hyperkinetic conduct dis,0K5B4ZZ,288.59611
64117-160,Cookley,Ftl cmp in utro-del-p/p,10Q08ZH,641.777
42291-169,Alpha,Descending colon inj-opn,0X083JZ,429.01969
0904-1985,Zaam-Dox,Opn skl base fx-coma NOS,0KXJ0Z2,772.98575
53208-500,Job,Secondary malig neo lung,3E063WK,82.35584
54868-1613,Redhold,Tibialis tendinitis,0R9X00Z,298.48664
58177-679,Namfix,Congen abn uterus-deliv,03730E6,847.90314
52389-172,Konklux,Tongue anomaly NEC,05CC3ZZ,22.88312
37205-940,Sub-Ex,Chr osteomyelit-shlder,09DP3ZZ,148.82261
42715-002,Cardify,Schizophr dis resid NOS,0JQ,300.19668
49852-016,Greenlam,Poison-corrosiv/caustic,DVY18ZZ,438.11943
36800-690,Zoolab,Deep 3rd deg burn scalp,041L0KK,968.62483
63629-4093,Stringtough,Social conduct dis-mod,0BW18CZ,492.04492
0268-6719,Holdlamis,Local salmonella inf NOS,05H643Z,77.13555
76420-750,Namfix,Hx of schizophrenia,047E466,325.0683
23155-160,Job,Hx of GI malignancy NOS,0XQCXZZ,678.05857
64942-0782,Otcom,Abn react-renal dialysis,0P574ZZ,377.64742
53329-671,Matsoft,Diaphragmatic hernia,D82,657.9047
68382-130,Subin,Sezary's disease thorax,027R3ZZ,833.6514
52125-780,Zontrax,Impaction intestine NEC,047S3FZ,359.01198
0135-0057,Keylex,Open wound of leg NEC,0JRP07Z,345.10848
53499-0190,Sonair,Phthisical cornea,DDY8FZZ,822.51205
59667-0027,Cardguard,Creutzfldt-Jakob NEC/NOS,08R6XKZ,890.11679
0904-6315,Treeflex,Degen ciliary body,0QR947Z,448.34735
54868-6100,Kanlam,Mal neo upper 3rd esoph,07U10JZ,227.0746
52763-501,Cardguard,Chr membranous nephritis,0B944ZX,898.63728
13537-494,Lotlux,Bancroftian filariasis,0D164ZL,535.33606
37000-733,Y-find,Motion sickness,0371046,548.68133
0555-0606,Matsoft,Mal neo cerebellum NOS,0DWD02Z,410.39185
55312-110,Rank,TB lung infiltr-cult dx,03VM4CZ,432.76327
23155-038,Viva,Enthesopathy of knee NEC,067P4DZ,392.84426
52125-564,Ronstring,Nonsp abn fd-skull/head,3C1,185.78958
0093-0029,Zoolab,Ankylosis malleus,0P8F4ZZ,955.97272
0093-7258,Flexidy,Amniotic infect-antepart,037V45Z,692.68988
51079-820,Cardify,Pellagra,0UTM0ZZ,231.16736
65044-1946,Aerified,Pyogen arthritis NEC,0D798DZ,320.61027
24909-201,Domainer,Exotropia NOS,F00Z8YZ,644.30514
63629-4417,Cardguard,Spinal muscl atrophy NOS,F14Z5ZZ,294.0522
57520-0171,Flowdesk,Dsct of thoracic aorta,0NN13ZZ,595.67722
60681-6300,Tres-Zap,Obj w-w/o sub fall NEC,0YJC0ZZ,640.00033
0781-3122,Stringtough,Ac syst/diastol hrt fail,03150KD,40.73788
53808-0918,Kanlam,Resp cond dt smoke inhal,0U9M00Z,514.88433
36987-3034,Viva,Screen-blood dis NEC,00XM0ZK,603.03063
0378-5208,Cardify,Crnitne def d/t nb met,03BA4ZZ,318.82393
41163-146,Lotstring,Poxvirus infections NEC,02B80ZZ,237.89514
43547-266,Gembucket,Open wound trachea-compl,0W1G4JY,746.57332
0169-6338,Pannier,Congenital pneumonia,0LQJ4ZZ,935.45093
36987-1776,Matsoft,Snow veh acc-motorcycl,0RWFX4Z,190.99022
0049-0013,Tempsoft,Martial arts,0PP74JZ,992.39573
41520-211,Alpha,Post cornea dystrphy NEC,0QBF4ZZ,699.44733
60681-1224,Lotlux,Acc poison-plants NEC,05740DZ,692.17894
54838-558,It,Part androgen insnsitvty,0KCS0ZZ,741.14546
52125-320,Fintone,Abscess of liver,B54BZZ3,502.18837
49981-008,Transcof,Bilat clft palat/lip-com,0BP08KZ,836.27179
44911-0034,Flowdesk,Traffic acc NOS-driver,055B4ZZ,488.71718
44911-0056,Keylex,Periph focal retinitis,0HBW8ZX,16.38789
37205-337,Tresom,2nd deg burn scapula,0C9S4ZZ,955.12435
0378-6165,Matsoft,Essntial thrombocythemia,0DP000Z,375.56577
49999-103,Cardify,Pruritus of genitalia,0RGT4ZZ,378.0057
37205-733,Regrant,Malign neopl prepuce,009U40Z,164.08106
76254-3001,Alphazap,Amphetamin depend-contin,0CC83ZZ,777.1766
53499-7272,Temp,Cns TB NOS-exam unkn,B31SYZZ,264.10703
11056-010,Stronghold,Ocl vrtb art w infrct,02C43ZZ,977.50306
52584-903,Bytecard,Poison-medicinal agt NEC,06BJ4ZZ,121.36095
0039-0018,Temp,Hem nephrosonephritis,0DCP8ZZ,503.16161
0781-5939,Rank,War inj:gasoline bomb,02VS3ZZ,915.13035
54868-5607,It,Screen-cystic fibrosis,09WY40Z,297.93961
24236-837,Konklab,Open wound ear NEC-compl,0CLC4ZZ,651.412
0268-0932,Tampflex,Pois-mercurial diuretics,03773FZ,113.72777
67457-163,Trippledex,St Louis encephalitis,0VPR07Z,268.1228
52125-529,Flexidy,Toxic optic neuropathy,0RSE0ZZ,865.27789
33992-4951,Biodex,Op skl vlt fx-concus NOS,0WP04KZ,678.33838
10544-111,Opela,Adv eff blood agent NEC,09UK0JZ,913.03415
54868-6274,Cookley,Postinf encephalitis NEC,0QR337Z,169.78631
63629-3995,Duobam,Jt derangement NOS-hand,B30MYZZ,345.346
41520-192,Zontrax,Cauliflower ear,0XUV07Z,657.86945
68788-9691,Transcof,Mal neo retroperitoneum,03150KD,15.32505
60760-983,Alphazap,TB of organ NEC-oth test,BV06YZZ,703.53651
55315-185,Lotlux,Orthopoxvirus infect NEC,0RN9XZZ,931.02333
21130-148,Cardify,Cracked tooth,0HTU0ZZ,802.76865
0113-0067,Zontrax,Postconcussion syndrome,BR1HZZZ,946.60877
54868-5348,Home Ing,TB fem gen NEC-micro dx,0XB70ZZ,275.01861
52685-364,Bigtax,Ac osteomyelitis-pelvis,B51G0ZA,698.26886
47335-902,Keylex,Late eff of self-injury,0BB50ZZ,424.188
52183-379,Temp,Thyroiditis NOS,0W4M0K0,120.68767
0002-4455,Viva,Secondary pneumon plague,0DL60CZ,85.7101
68382-081,Stim,Idio pulm hemosiderosis,F0786HZ,853.37842
13537-066,Tres-Zap,Inf spasm w intract epil,07U807Z,501.80229
63940-516,Bytecard,Ac systolic hrt failure,BW2400Z,864.15773
0456-2614,Treeflex,Part epil w intr epil,0KBV0ZZ,114.47388
68400-305,Duobam,Cupping of optic disc,021X4KQ,465.32226
68151-1463,It,2nd deg burn upper arm,0RGP35Z,44.42401
43419-545,Stronghold,Fall from snowboard,04VT4ZZ,398.01049
36987-3006,Zontrax,Behcet arthritis-mult,00PU03Z,854.23361
0363-0209,Subin,Hallucinogen dep-unspec,0BF68ZZ,312.63262
0378-6203,Alpha,Fail mod sedate dur proc,0X934ZX,492.83686
41163-227,Biodex,Poisoning-antipruritics,0BCF7ZZ,500.30897
57955-5283,Flexidy,Lt ef-mplga uplmb nondom,0RP134Z,48.41696
50436-5605,Daltfresh,Compl labor NOS-antepart,05RL4JZ,809.86926
68788-9690,Trippledex,Schilder's disease,04LT3ZZ,752.50095
0703-2823,Zaam-Dox,Benign neoplasm orbit,09PK80Z,261.22569
43074-112,Sonair,Clubbing of fingers,0B9940Z,502.15256
50383-241,Temp,Damage pelvic jt-postpar,CW1JLZZ,454.72724
45802-053,Duobam,Crbl emblsm w infrct,0JRF37Z,540.6312
0067-6066,Bitwolf,Aortic valve disorder,0WPLX3Z,12.1172
0228-2636,Cardify,Scleromalacia perforans,0WP1X3Z,723.8502
10742-8456,Job,Foreign body head-infect,037P05Z,479.98563
62175-152,Subin,Old disrupt ant cruciate,07CL3ZZ,486.04024
0904-1988,Vagram,Heterotropia NOS,099F30Z,831.7201
0228-4024,Voyatouch,Cns dysfunction syn NB,0CRB0JZ,644.45892
63691-018,Veribet,Dvrtclo colon w/o hmrhg,0S500ZZ,146.94991
49349-562,Veribet,Excess attrition-local,0RPE0JZ,339.86733
53808-0775,Y-Solowarm,Accidnt-mech firearm/gun,0X020ZZ,122.65914
49884-402,Zontrax,War injury:biol warfare,0BCC3ZZ,121.13976
0591-0583,Ronstring,Fail induction NOS-unsp,0RWFXKZ,842.06182
36987-1185,Alpha,Kaschin-beck dis-pelvis,0MN54ZZ,135.97953
49035-928,Fix San,Abo incompat/delay HTR,0PP534Z,158.70088
59762-6712,Tres-Zap,TB of bladder-exam unkn,0SW003Z,338.96677
13630-0048,Daltfresh,Inj infer mesenteric art,0WH841Z,68.17983
67938-2026,Domainer,Hodg nodul sclero axilla,0TN14ZZ,263.19284
60429-770,Biodex,Multi gest NOS-antepart,009U4ZX,320.59756
0264-7655,Aerified,Panic dis w/o agorphobia,DT014ZZ,854.4973
60429-578,It,Malign neopl leg,0RPT48Z,773.94572
35356-211,Quo Lux,Drug depend NEC-episodic,10P,854.83977
52584-402,Sonsing,Pinta primary lesions,047K4FZ,882.55628
42937-704,It,Aspergillosis,04L20DZ,989.23705
0904-5996,Sub-Ex,Chemical burn periocular,4A09X5Z,542.99786
49349-077,Flowdesk,Routine circumcision,0CC83ZZ,697.90714
55312-459,Cardguard,Mal neo soft tis thorax,0W1G4JB,859.83649
42507-458,Bigtax,Cereb degen in child NEC,0D9F7ZX,90.25593
42891-4148,Voltsillam,Burkitt's tumor inguin,06HC3DZ,35.70982
61010-5000,Latlux,Immunity deficiency NOS,0V1N4JN,874.31176
49035-183,Subin,Abdmnal pain periumbilic,04NW0ZZ,864.74814
21130-010,Tampflex,Cervical incompet-deliv,0PHH05Z,575.39968
99207-276,Andalax,Cl skl vlt fx-concus NOS,0K9B0ZZ,648.17312
61601-1144,Bigtax,Aseptic necrosis femur,05BA4ZZ,333.43317
55910-199,Viva,Cl skl w oth fx-mod coma,037F4G6,529.6929
43419-357,Zathin,Rh isoimmunization-unsp,30253M0,815.7111
0143-1475,Treeflex,Anemia d/t antineo chemo,0UBM0ZX,491.44699
33342-054,Cookley,1st deg burn arm-mult,047Y3EZ,747.2489
55289-039,Holdlamis,Flncy dsord cond elsewhr,0T577ZZ,821.5694
0904-0644,Quo Lux,Spon abort w shock-inc,02134K3,163.22763
23155-128,Zontrax,Chr erythrmia in relapse,0K9H0ZX,880.02582
51672-5203,Flexidy,Orofacial dyskinesia,0RSUX5Z,369.8659
21695-762,Temp,Brucella canis,0RJW4ZZ,723.88476
51815-217,Y-find,Acc poisn psychotrop NEC,03RB47Z,592.52146
48951-8176,Tempsoft,Rubeosis iridis,0D1H8JK,85.99813
61786-036,Tampflex,70-79% bdy brn/70-79% 3d,0KPXX0Z,207.81222
0087-2773,Fixflex,Edema in preg-postpartum,041K4KM,308.67534
55312-546,Job,Genetic carrier stat NEC,0QHG04Z,214.33216
0179-1470,Cookley,Retain prod concept-unsp,0SPK00Z,356.68363
41167-0470,Fixflex,Intrinsic asthma NOS,02WYX2Z,183.52823
60429-503,Flexidy,Contusion of thigh,0DUL7JZ,263.99824
0268-1232,Cookley,Acq nasolacrml stenosis,0P864ZZ,998.9971
60681-2112,Span,Screen-bact conjunctivit,0SPC30Z,98.10002
0440-7026,Zathin,Heart chamber lacer-opn,BR041ZZ,285.71512
53489-281,Bamity,Uterus injury-closed,05HQ03Z,767.33854
59535-9301,Bitwolf,Opn wnd tongue/mouth flr,0BWT3KZ,915.31042
33261-647,Greenlam,Sec DM wo cmp nt st uncn,0B9S00Z,282.45646
0268-0913,Pannier,Cl skul base fx-coma NOS,02PA0NZ,861.94768
55910-994,Stim,Bact pleur/effus not TB,05Q50ZZ,590.77245
42549-640,Bigtax,Placenta prev hem-unspec,0L9S3ZZ,288.56373
24385-619,Mat Lam Tam,Alveolar maxil hyprplsia,0DUK0KZ,279.32899
54569-3912,Y-find,Malig neo corpus uteri,0FCF8ZZ,771.90629
55648-964,Bamity,Oth spcf paralytic synd,04100ZJ,427.06765
59779-261,Voltsillam,Toxic effect cyanides,0KBW3ZZ,88.8007
55154-9401,Span,Opn subdur hem-mod coma,0FPBXDZ,571.36795
15828-320,Otcom,Personl hx nephrotic syn,0DUS07Z,907.13756
63629-1784,Konklux,Allerg alveol/pneum NOS,0RPL44Z,478.06243
65862-456,Sonsing,Del w 3 deg lac-postpart,0HWSXJZ,448.6604
60429-125,Ronstring,Varic vein leg-antepart,0QQNXZZ,868.4374
52125-346,Cookley,Gouty nephropathy NEC,0QW9XKZ,648.89037
70253-329,Fix San,Constipation NEC,0PUC3JZ,545.90816
49696-632,Flexidy,Volunteer activity,0FPB7JZ,591.94086
61722-089,Daltfresh,Pulmon TB NEC-micro dx,0R9Q0ZZ,593.59176
0338-0695,Cardguard,Striae atrophicae,05BP0ZZ,908.33387
49999-142,Trippledex,Congenital cataract NOS,02BG3ZZ,623.1581
17089-290,Fintone,Hodgkins dis NOS spleen,0RR30KZ,611.87194
65044-3075,Y-find,Recur dislocat-hand,D9030ZZ,194.30229
65862-158,Gembucket,Foreign body granul-skin,07TM4ZZ,284.67639
17478-205,Tresom,Chr marg ulc hem/perf-ob,0PRH47Z,824.91414
67457-259,Zathin,Open wound finger-compl,0YUB0JZ,428.90818
14783-606,Ventosanzap,Mult brth NOS-before adm,03U70JZ,696.77044
17478-253,Daltfresh,Chromoblastomycosis,2W02X6Z,478.25314
54575-946,Bytecard,Adjust dis w anxiety/dep,037T0DZ,288.45075
50493-0001,Bitwolf,Roseola infantum NOS,0CNG0ZZ,487.93415
75921-515,Vagram,Dual sensory impairment,0VTB0ZZ,220.94738
50236-001,Bytecard,Myoglobinuria,0D1K4ZM,9.8589
43598-220,Flowdesk,Sec DM circ uncontrld,037C07Z,944.43337
67253-234,Zathin,Fracture treatmnt conval,0W900ZZ,325.42984
59779-328,Konklux,Mantle cell lymph multip,02550ZZ,525.91222
48951-3118,Prodder,Joint effusion-shlder,02HW40Z,648.88229
55910-384,Ventosanzap,Immunotherapy encounter,0Y9530Z,135.70548
55648-734,Biodex,Postoperative air leak,09QKXZZ,425.41595
64679-662,Zamit,Hair disease NOS,0VWD3KZ,239.85294
76329-3012,Biodex,Twin NOS-nonhosp,0R9S4ZZ,411.00986
43269-739,Sonsing,Brachial plexus lesions,02HK4JZ,812.17174
59088-746,Lotstring,Contusion genital organs,0JB43ZX,676.73044
51079-759,Rank,Corneal anesthesia,0SSPX5Z,46.16247
68308-326,Bytecard,"Amput below elb, unilat",0B928ZZ,693.47964
11673-660,Transcof,General paresis,XR2G021,297.98431
66663-103,Bytecard,Second malig neo adrenal,0TB04ZX,902.9287
48951-3088,Asoka,Ac sanguin otitis media,DG013Z0,585.7086
64725-0513,Hatity,Dentofacial anomaly NEC,0M9,447.30205
67510-0005,Daltfresh,Inversion of uterus-unsp,BN250ZZ,982.74425
54868-2541,Viva,Referral-no exam/treat,04S43ZZ,286.75214
0067-6282,Zontrax,Instantaneous death,01NG0ZZ,186.17744
0268-1148,Flowdesk,Abscess of prostate,0HHX7NZ,493.15854
63402-711,Namfix,Chr marginal ulcer NOS,7W00X4Z,483.41807
68151-2875,Zoolab,Ac maxillary sinusitis,0RHH04Z,534.72569
68180-302,Kanlam,Op skl vlt fx-concus NOS,0S520ZZ,769.73769
13734-033,Holdlamis,Acc poison-sedatives NOS,0D1A474,935.61226
48951-4022,Ronstring,Mlg hist unsp xtrndl org,0RHN03Z,141.1582
55289-255,Tin,Long-term use anticoagul,0B5K3ZZ,689.36699
31722-708,Stim,Pelvic deform NOS-unspec,06L60ZZ,269.59742
63824-711,Keylex,Pure hyperglyceridemia,0QPM0JZ,91.98928
36987-3286,Transcof,TB of knee-no exam,0VU347Z,636.19247
0591-3292,Sub-Ex,Hx-nutrition deficiency,0LUC4JZ,897.6369
63347-400,Overhold,Disloc mlt cerv vert-opn,0DJD8ZZ,913.77132
41250-734,Duobam,Mal neo bronch/lung NOS,BW0MZZZ,169.6569
41520-163,Keylex,Bullous retinoschisis,06B13ZZ,978.83662
55319-331,Y-Solowarm,Abnormal vep,0QWKXKZ,20.90652
61919-003,Aerified,Mild nonprolf db retnoph,039A40Z,463.64054
49999-540,Matsoft,Opn skul/oth fx w/o coma,0BP132Z,700.23236
48964-112,Fix San,Nonparalyt polio-type 1,0Y6P0Z2,112.8146
43269-642,Fixflex,Bipolar disorder NOS,04V24CZ,952.30309
68306-105,Flowdesk,Uterus injury-closed,047R3GZ,603.7192
49349-584,Bigtax,Transient mental dis NEC,0WW8X3Z,706.65478
0409-7992,Sub-Ex,Hemarthrosis-l/leg,05HF43Z,960.47562
21695-153,Lotlux,Cor triatriatum,0RW444Z,368.20323
50021-306,Voltsillam,RR acc w explos-ped cycl,08TX7ZZ,19.11542
44183-507,Cardguard,Acc poisoning-lead,0WHL33Z,531.68728
65862-076,Mat Lam Tam,Backgrnd retinopathy NOS,0QCQ4ZZ,776.49673
59535-8501,Stim,Adv eff intraven anesth,0RG43J0,998.45215
0615-2578,Wrapsafe,Anesth compl NOS-del p/p,00BY0ZZ,23.64782
11822-0326,Hatity,Enceph/encephmye oth dis,0BBG8ZZ,41.49415
68788-9545,Namfix,Pap smear vag w ASC-US,00XL4ZL,934.30218
54569-4467,Greenlam,Pois-vaccine/biolog NEC,0S5,881.53428
23731-6051,Keylex,Sigmoid colon inj-open,0RPR4JZ,72.73935
10019-178,Andalax,Fx radius neck-open,041H09P,379.60292
36987-1802,Cookley,Changes in skin texture,0LXN0ZZ,795.84468
43251-3363,Stringtough,Ben neo bones ankle/foot,0NQF0ZZ,828.51653
64117-988,Tempsoft,Extradur hem-proln coma,0XM70ZZ,12.39094
55154-4731,Andalax,Arthropathy NEC-pelvis,B311Y10,951.62383
61727-319,Alpha,Ab NOS w embolism-inc,06L73DZ,946.72568
0944-4175,Alpha,Malposition NOS-deliver,BP2G0ZZ,104.84626
68258-7067,Flowdesk,Mv coll w pedes-pers NOS,07WN3DZ,707.08021
0363-1650,Viva,Late sympt syphilis NEC,3E0N80M,109.07973
76472-1150,Keylex,C1-c4 fx-op/ant cord syn,B53DZZZ,562.83735
51452-010,Zaam-Dox,Oth spcf dsdr urnry trct,0PCC4ZZ,656.73512
0268-6149,Bigtax,Selective iga immunodef,F07K6FZ,392.16366
65517-2002,Zontrax,Alveolar mandb hypoplsia,DP025ZZ,178.50354
61919-103,Cardify,Unpow aircrf acc-gr crew,0QPP05Z,461.39288
33992-3011,Flexidy,Mech com pros jt implant,03LV0ZZ,108.16197
54569-1270,Biodex,Laryngeal web,009300Z,556.03955
42254-227,Duobam,Wtrcrft acc NEC-pers NEC,0JHD3XZ,566.22257
61957-1042,Bitchip,Artificial vagina status,F0CZ1SZ,700.42031
0002-4462,Kanlam,Corneal foreign body,0DB37ZZ,524.07691
0904-5591,Zontrax,Mental dis preg-unspec,0RGR47Z,328.01131
64745-001,Zontrax,"Pressure ulcer, hip",0B9L0ZX,938.72426
24571-111,Transcof,Sbac mono leuk w rmsion,0B7B8DZ,920.06502
53187-242,Trippledex,Pediculus capitis,0BPK83Z,969.37805
49288-0791,Subin,Ac on chr diast hrt fail,0LRJ07Z,732.54194
21749-095,Asoka,Brain lac NEC w open wnd,0VW880Z,262.93487
0132-0704,Kanlam,Acc pois-chlorine pestic,HZ49ZZZ,803.0227
53270-3300,Zoolab,Elderly multigravida-del,0YHD03Z,667.3365
53489-678,Job,Deliver-single liveborn,031J0ZG,430.6705
52685-424,Alphazap,Burkitt's tumor thorax,05LQ3ZZ,379.9689
49967-859,Duobam,Cystitis in oth dis,0Q8M4ZZ,322.4736
61957-0116,Sub-Ex,Circadian rhym-free run,0W9K4ZZ,292.59301
15127-822,Bytecard,Vaginismus,0C5R4ZZ,992.1089
50436-0913,Aerified,Poisoning-alkalizing agt,0TB70ZX,152.44602
10742-1233,Zaam-Dox,Cocaine depend-episodic,30253G1,721.10755
47593-360,Fixflex,Mal neo breast up-outer,7W08X1Z,72.34071
52389-169,Tampflex,Vocal cord paralysis NOS,0270356,306.70521
0378-2625,Otcom,Joint sympt NEC-forearm,037M3F6,103.28051
55154-5717,Job,Precipitate labor-unspec,0MBS0ZX,572.3064
51615-001,Andalax,Heredit hemochromatosis,0K9J4ZX,302.44158
64205-087,Holdlamis,Acoustic trauma,0GTM0ZZ,560.62628
50436-9101,Rank,Thyrotox-ect nod no cris,2W5FX2Z,21.38479
49738-388,Bitwolf,Genu varum,06HC0DZ,659.65003
55154-6280,Sub-Ex,Cl skul base fx/brf coma,0SRW07Z,675.98994
10742-8564,Quo Lux,TB periph lymph-no exam,0NB60ZX,887.72597
0074-7148,Opela,Vasc lesion cord-unspec,0SSQX4Z,411.63549
68703-028,Bitchip,Unilat ing hernia w gang,01UG07Z,65.91768
0603-3078,Gembucket,Acc-cutting instrum NEC,047V3Z6,733.46872
0378-9680,Stringtough,Benign neo esophagus,0RGA07J,617.06377
51393-7533,Rank,Peritoneum injury-open,0QWQ34Z,890.56849
63868-953,Veribet,Mal neo small bowel NOS,0RWS38Z,100.67978
68987-011,Home Ing,Bone disorder-antepartum,0CRXXJ1,908.7143
37205-034,Zamit,Cortical/zonular catarac,0KBP4ZX,286.60254
44924-008,Aerified,Oth VD chlm trch pharynx,0P960ZX,848.70897
65757-301,Asoka,Opn skul/oth fx w/o coma,0DPD43Z,889.91307
43269-876,Holdlamis,Injury-caustic substance,0PWT3KZ,912.02336
0172-6359,Regrant,Acc poison-pesticide NEC,01S80ZZ,420.39362
43857-0029,Prodder,Injury-NOS,0DL98ZZ,313.83952
21695-900,Ronstring,Ac diastolic hrt failure,8E0UXY7,588.27267
50383-268,Overhold,Simpl chr conjunctivitis,0RH634Z,926.96939
50076-301,Bitchip,"Actv Meniere,cochlvestib",0PQS0ZZ,642.2804
0135-0474,Sonair,Jt contracture-jt NEC,0WPM31Z,769.07487
68788-9952,Asoka,Cornea degeneration NEC,6A750Z7,965.54573
0378-4520,Sub-Ex,Loss control mv-pedest,0KB93ZX,235.34474
0068-0011,Lotstring,Groom/shearing animal,0J2WXYZ,401.87053
43353-290,Sonsing,Hx of ovarian malignancy,02HK4MZ,546.31604
10812-128,Alpha,Lymphogranuloma venereum,0XJ23ZZ,844.66017
65044-2214,Cardguard,Lung laceration-open,00B23ZZ,411.88102
49643-359,Pannier,Malign neopl thorax,0T9C3ZZ,487.58662
11523-4322,Domainer,Cicatricial entropion,0P500ZZ,103.77217
62891-123,Domainer,Prim lateral sclerosis,0373456,261.83943
36987-1282,Otcom,Lt eff inj thor/abd vess,0YUN07Z,739.09398
17856-4091,Subin,Preg w hx-trophoblas dis,0SWQ4JZ,209.76748
54024-000,Flowdesk,Recurrnt sleep paralysis,0WWB3YZ,347.39654
43419-324,Tres-Zap,Oth coll stnd obj-rider,04L54CZ,575.40064
13733-019,Wrapsafe,Ped pre-brth vst-parent,041C0J7,108.21825
55154-2678,Regrant,Omphalitis of newborn,03140Z5,7.4586
54118-7990,Lotlux,Interstitial emphysema,0FT50ZZ,120.00652
35356-272,Cookley,Mal neo male breast NEC,0NUP37Z,750.87798
49035-148,Overhold,Brachial neuritis NOS,0JWWXJZ,938.63007
0409-4900,Rank,Esophagostomy infection,047J37Z,110.57117
49967-075,Temp,"Pancreas, head inj-close",0DR50JZ,653.63853
0187-3204,Cardify,Neonatal hemorrhage NOS,00WV42Z,851.79381
0603-1329,Sonsing,Primary cyst pars plana,0D1L4JL,323.47717
30142-425,Namfix,Malfunc prosth hrt valve,0D1A4JL,757.43968
0169-3685,Fix San,Acute gc infect lower gu,0JH839Z,486.85773
52584-555,Tempsoft,Nonprolf db retnoph NOS,00W03KZ,374.45732
63736-663,Alphazap,Inf arthrit NOS-oth site,0KMV0ZZ,421.74009
0071-0525,Solarbreeze,Ascorbic acid deficiency,D9Y37ZZ,104.38839
49288-0410,Opela,Post MI syndrome,0RGX44Z,666.71348
43353-895,Fixflex,Mal neo post nasopharynx,04N34ZZ,208.97413
62541-302,Hatity,Aftrcre surg MS syst NEC,0V9K3ZZ,867.29009
63459-546,Matsoft,Trematode infection NOS,0VW87KZ,967.85145
63323-492,Regrant,Supracondyl fx femur-opn,BW3PZZZ,260.01834
0591-5787,Hatity,Poisoning-ovarian hormon,F07M3UZ,410.17869
42291-252,Sub-Ex,Oth powered aircraft acc,DW055ZZ,620.21754
11410-101,Temp,Contracted palmar fascia,02WY38Z,736.54293
22840-0040,Zamit,Insect bite forearm-inf,02RF3JZ,772.6291
0078-0345,Zamit,Ca in situ liver/biliary,0M940ZZ,418.32393
52268-101,Holdlamis,Crush inj mult site NEC,0FWB4JZ,14.27051
0363-0724,Lotstring,Indust wiring/machin acc,09C60ZZ,240.39989
60505-0004,Solarbreeze,Toxoplasm conjunctivitis,02US37Z,592.74227
66116-429,Y-Solowarm,Radiological exam NEC,0BBN3ZX,365.95472
64735-074,Treeflex,Mal hyp ht/kd I-IV w hf,04Q84ZZ,506.66298
16714-354,Bigtax,Anal fissure,0DWW07Z,254.35952
54868-5982,Zathin,Malfunc urethral cath,B50D1ZZ,850.45473
62750-058,Opela,Open wound mouth NEC,0BP07CZ,9.67493
0115-9633,Namfix,Acc cut/hem w catheteriz,F07F3FZ,489.07817
66336-911,Subin,Delay conjugat jaund NOS,0L9S0ZZ,863.27716
24385-036,Domainer,Ancylostoma ceylanicum,0PPT34Z,968.10955
0126-0131,Zontrax,Local traumatic opacity,041C0ZC,872.92496
24236-609,Otcom,1st deg burn ear,D71,180.0205
61722-091,Lotlux,Cutan leishmanias ethiop,0RUJ4KZ,468.83847
65841-639,Wrapsafe,Blepharitis NOS,0HPRXKZ,190.54744
0093-8204,Redhold,Sialolithiasis,04104JB,785.63466
68788-9732,Bigtax,Cholesteatoma middle ear,04983ZX,154.01651
0173-0822,Ventosanzap,Cerebrovasc disease NOS,0DL37DZ,341.72381
10191-1093,Viva,Abnorm labor NOS-antepar,05BB0ZX,73.66883
0781-9413,Fix San,Impulse control dis NOS,0RJA4ZZ,121.89359
54458-886,Aerified,Unilat femoral hernia,0TU74JZ,605.81739
59762-3721,Stringtough,Malign neopl thorax,0RGN05Z,609.60544
55714-2320,Rank,Abdmnal tndr unspcf site,079P00Z,570.51873
49288-0365,Voltsillam,Dermatophytosis site NEC,0RWKX8Z,639.22902
75983-495,Tresom,Bone infect NOS-oth site,05HH3DZ,331.83999
0115-1460,Job,Unc behav neo urinar NOS,0X0F3ZZ,123.43751
58479-008,Konklux,Precordial pain,09R78JZ,29.05902
54473-217,Toughjoyfax,Polyhydramnios-delivered,0PUP4KZ,949.85672
50458-305,Voyatouch,Fet damg d/t drug-antepa,0LBS0ZZ,63.82712
11673-675,Bigtax,Trauma compart synd abd,B44GZZ3,698.13423
36987-2257,Flowdesk,Adv eff uric acid metab,05PY37Z,695.71256
68308-152,Kanlam,TB of ureter-exam unkn,057P4ZZ,655.30953
0245-1071,Ronstring,Fx symphy mandib bdy-opn,047P05Z,98.56755
36987-3375,Ronstring,Arterial disease NOS,0TT38ZZ,406.77439
49781-077,Cardify,Elb/forearm/wrst inj NOS,0UHH03Z,958.8136
42291-598,Regrant,Mv coll w obj-anim rider,CW16FZZ,540.62583
52959-965,Fixflex,Swimming/diving acc NEC,0P810ZZ,722.44656
40032-620,Alphazap,Temporal sclerosis,047937Z,273.31429
42546-015,Zathin,Placental polyp-unspec,0DTF7ZZ,869.20192
65044-0854,Veribet,Cellulitis NOS,0K9H4ZX,537.99649
52125-688,Keylex,Obstetric shock-unspec,0B9C3ZZ,756.55507
0074-3663,Toughjoyfax,Heart injury NOS-closed,0HRMXK4,975.3127
54868-5219,Bitwolf,Kaschin-beck dis-ankle,039H00Z,373.69809
53113-217,Flexidy,Galactorrhea-delivered,06LH3DZ,305.14806
43493-0002,Viva,Postperfusion forgn body,2W06X4Z,615.14185
76452-003,Zoolab,Eczem dermatitis eyelid,0KU64JZ,175.59965
0378-0183,Biodex,Cutaneous diphtheria,0W9830Z,167.98024
53603-2012,Hatity,Winds/brass instru play,0MUL4JZ,713.95035
43853-0010,Tresom,Heat exhaustion NOS,0XUF4KZ,10.93882
25225-016,Bitwolf,Idio periph neurpthy NEC,0W0047Z,189.31445
54868-5397,Bamity,Abd preg w/o intrau preg,06R24JZ,268.27153
41520-180,Daltfresh,Meth resis Staph carrier,0TRB8KZ,381.44978
13733-070,Fintone,Acc pois-synth detergent,0SWJ33Z,670.10664
67457-592,Prodder,Oth acq limb deformity,0LX30ZZ,793.13136
59898-730,Fix San,Degen basal ganglia NEC,0L8B0ZZ,62.56184
53499-2798,Prodder,Late eff wrist/hand burn,04C90Z6,780.02166
17714-013,Toughjoyfax,Deep 3rd burn face NEC,08UY77Z,605.57045
59572-220,Redhold,Fx up radius NEC/NOS-opn,04790GZ,126.95074
0075-2915,Tempsoft,Hodgkins sarcoma mult,0VWR4DZ,549.0191
42364-0013,Asoka,Keratin ridge mucosa-min,0RJ30ZZ,451.10722
60709-101,Lotstring,Cholera contact,0RPV00Z,439.17131
46122-019,Job,Meningitis oth spcf bact,009K4ZZ,160.57094
68788-9827,Fix San,Ehrlichiosis NEC,01DA0ZZ,952.60526
0527-1366,Tresom,Streptococcal pneumn NOS,0RHL43Z,697.5461
63545-645,Namfix,Aircrft acc NEC-grd crew,08H1X3Z,699.54857
0009-0395,Namfix,Gastrointestinal anthrax,0PPL44Z,631.85231
0121-4772,Otcom,Development delay NOS,2W58X6Z,361.34968
64406-806,Trippledex,Oth abn fet disprop-unsp,0DCH4ZZ,272.98684
0378-9671,Zontrax,Oth ob compl-deliv w p/p,BR0CZZZ,42.71368
51801-008,Alpha,Drowning in bathtub,F0723EZ,553.12416
60512-6152,Domainer,Acute paranoid reaction,0RSR05Z,139.76515
54868-1992,Regrant,Loc prim osteoarthr NEC,00XF0ZP,12.94262
61727-336,Pannier,Lymphomas NEC head,0XUN0JZ,775.24112
10956-003,Zoolab,Joint replaced wrist,02H733Z,3.89891
64117-193,Zaam-Dox,1st deg burn hand-mult,3E0B73Z,998.78918
17433-9884,Asoka,Unc behav neo liver,0S5H0ZZ,460.0141
41250-310,Biodex,Open wound auricle-compl,08P0XDZ,565.54794
0078-0640,Toughjoyfax,Branch cleft sinus/fistu,3E0J8U0,577.64426
59779-227,Namfix,Abn pelv org NEC-postpar,0BNG7ZZ,251.70568
62065-514,Sonsing,Lumbsacral root les NEC,0FV93DZ,864.63429
54868-4892,Flexidy,Injury median nerve,0477376,681.91464
0642-0120,Asoka,Late ef-hemplga side NOS,041N0ZQ,617.57906
63629-3377,Y-find,Gendr identity dis-child,04UY3JZ,702.61451
59779-242,Solarbreeze,Malig melanoma lip,0SSF45Z,223.65252
55301-011,Bigtax,"Barotrauma, sinus",07B34ZZ,563.50387
54973-3158,Ronstring,Mitr/aortic mult involv,067R0DZ,374.38752
53603-3002,Duobam,Poisoning-salicylates,0LXJ0ZZ,490.93765
57664-359,Duobam,Anom iris & cil body NEC,09WJ4KZ,507.95794
36987-1738,Viva,Conjunctival cysts,0G9730Z,61.37105
43251-2241,Sonsing,Severe birth asphyxia,0PB40ZX,775.0748
54868-5893,Sonsing,Hx-other food allergy,0JUH3JZ,477.46861
36987-1485,Overhold,Prem rupt membran-deliv,03BC4ZX,311.0301
23155-036,Gembucket,Paratyphoid fever NOS,B34HZZ3,915.12349
45865-348,Fix San,Acq finger deformity NEC,0SHL38Z,786.00304
49349-025,Span,Other hammer toe,0T824ZZ,492.49074
64175-525,Domainer,Submers NEC-docker,BP3LZZZ,616.8688
36987-1135,Asoka,Paral polio NEC-type 2,0D130Z9,196.91302
41250-248,Overhold,Nd other specf vacnation,089D30Z,226.54724
58503-048,Zathin,Calcif tendinitis shlder,0RUT47Z,240.84177
49288-0823,Domainer,Drug mental disorder NOS,0YJ94ZZ,809.14949
50419-703,Bigtax,Fx olecran proc ulna-opn,05564ZZ,614.94997
54973-0232,Tin,Lymphomas NEC inguin,041C0A4,445.69479
0078-0439,Sonair,Screen lipoid disorders,DUY2FZZ,870.65717
52389-118,Overhold,"BMI 37.0-37.9,adult",0YWBXKZ,246.27763
64117-873,Zontrax,Trans-sexualism NOS,0P9500Z,701.63984
63323-427,Ronstring,Parapoxvirus infectn NOS,0W1J0JB,971.34168
52533-146,Cardify,Cortex contusion/opn wnd,BQ3,325.39367
51672-1300,Stronghold,Acute prostatitis,07VG4DZ,969.96959
16729-276,Subin,Poliomyelitis contact,0DUM4KZ,895.22781
0007-4893,Cardguard,Edema of eyelid,HZ86ZZZ,309.04871
29978-606,Konklab,3rd deg burn leg-mult,0SWNXJZ,305.25039
55648-735,Greenlam,Aft oral cav/dig sys NEC,06100JY,771.95489
0555-0634,Veribet,Early congen syph latent,0UQ98ZZ,335.81655
55312-355,Quo Lux,Poison-sympathomimetics,04U04KZ,489.16253
41163-503,Fixflex,Acc-powered lawn mower,021Q48A,2.28903
37205-678,Solarbreeze,Syphil tricuspid valve,0RJH0ZZ,969.07989
68001-106,Y-Solowarm,Transfusion reaction NOS,099100Z,285.00251
43742-0175,Viva,Malfunc card dev/grf NOS,0SP64KZ,898.4232
55312-950,Toughjoyfax,Fx sacr-op/cauda equ les,0PS1XZZ,154.41957
54859-603,Biodex,Cl skl w oth fx-mod coma,05U,373.32987
64942-1353,Fix San,Burn NOS lower leg,0D9F00Z,840.38734
42549-531,Solarbreeze,Genital organ anom NOS,4A02X4Z,604.92192
63739-579,Bigtax,Hearing loss NEC,0WPQ43Z,618.51225
49349-866,Job,Recur dislocat-forearm,08W037Z,436.20437
11673-958,Y-find,Chr stomach ulc NOS-obst,05VL3ZZ,339.38132
65841-046,Regrant,Tox eff organphos/carbam,DD15BYZ,952.38883
36987-1142,Stringtough,Singl livebrn-before adm,0HBDXZZ,497.81762
51393-6657,Y-Solowarm,Cracked nipple preg-unsp,0KXB4Z1,2.55989
76420-795,Fix San,Nutritional anemia NEC,0WPG01Z,178.92085
49580-0024,Latlux,Liveborn NOS-before adm,0TH502Z,422.46759
0053-8132,Alpha,Crushing inj trunk NEC,0RGK04Z,17.08225
50845-0103,Biodex,Ant disloc humerus-close,0LSH0ZZ,217.06199
67938-1165,Greenlam,Resp TB NEC-no exam,051R0KY,410.74905
66129-115,Konklab,Heart compl in del-unsp,4A0ZXKZ,568.88029
0245-0150,Gembucket,Iron def anemia dietary,037M46Z,465.1616
58154-100,Toughjoyfax,Hallucinogen dep-contin,3E0R3KZ,744.93189
55111-357,It,Tabes dorsalis,0KC40ZZ,667.58464
0363-6080,Fix San,Viral encephalitis NOS,0PUD4KZ,248.45519
49349-203,Bitwolf,Scrub typhus,0D9M3ZX,444.1376
54868-5687,Vagram,Lactat dis NEC-antepart,00UJ37Z,788.85812
76168-057,Konklux,Undescended testis,0PCD4ZZ,543.68354
67253-942,Prodder,War injury:gas/fum/chem,0PR137Z,131.99099
41190-913,Ventosanzap,Rheum pulmon valve dis,0JN63ZZ,433.31882
49999-636,Span,Fetal mal 1500-1749g,0MUJ0JZ,972.20751
0093-3012,Pannier,Late eff wrist/hand burn,BT0CZZZ,543.29722
10157-9877,Sonair,Abn react-gastric sound,00XN4ZH,745.90268
10237-826,Fintone,Twin gest-plac/sac NOS,047V4F6,760.87289
49349-142,Zontrax,Urticaria NOS,047W0EZ,635.07486
24385-505,Gembucket,Fx malar/maxillary-close,BQ00ZZ1,798.18716
49344-0001,Bytecard,Phlebotomus fever,DUY0FZZ,322.41911
48951-3134,Ventosanzap,Prp septc thrmb-postpart,0BPKX1Z,308.56753
51862-215,Greenlam,Hpt C acute wo hpat coma,08H1X1Z,666.73083
16038-001,Mat Lam Tam,Essen hyperten preg-unsp,2W0RX1Z,833.33388
51009-116,Kanlam,Malfun neuro device/graf,0BP13JZ,313.59828
0904-6323,Job,Benign carcinoid stomach,0KXG0Z1,871.47688
43419-853,Bamity,Opn skul/oth fx-mod coma,037P3GZ,580.23734
75847-1712,Bigtax,Esoph varices w/o bleed,B307ZZZ,826.46077
10812-129,Flowdesk,Oth viral dis-del w p/p,0TW93JZ,37.25128
60793-430,Rank,Blood donor-stem cells,0BPK81Z,63.55847
21130-532,Bamity,Inf mcrg rstn ttrcycln,3E04003,661.61899
52125-868,Job,Opn wound hand-complicat,09QK4ZZ,296.23587
55111-472,Gembucket,Fracture five ribs-close,BR1GZZZ,667.75821
0603-4081,Duobam,Prolong gestation-infant,B314YZZ,873.25164
49288-0575,Lotlux,Nervous system anom NOS,BL31YZZ,360.61823
59078-037,Kanlam,Demoralization & apathy,0CRX072,817.92809
50436-3182,Zontrax,Weeks of gestation NOS,0NRX4KZ,522.1963
20276-210,Bytecard,Unequal leg length,09QN7ZZ,964.48349
55111-119,Sonsing,Postop oth specfd aftrcr,0PPQ45Z,569.90443
55154-9659,Zamit,Obs chr bronc w(ac) exac,035U3ZZ,532.04372
22840-0037,Stim,Benign hyp ht dis w/o hf,2W68XZZ,264.53339
49288-0789,Konklux,Excessive cold NEC,0H9KX0Z,843.30019
49288-0239,Greenlam,Light-for-dates <500g,037V46Z,148.74264
0722-7075,Domainer,Arthropod virus NEC,08TM3ZZ,835.26665
63323-382,Konklux,Late eff accidental fall,0FVD8DZ,606.96703
65862-187,Quo Lux,Congenital coxa vara,0V5K0ZZ,647.45639
53808-0316,Overhold,Open wound vulva-compl,08Q43ZZ,762.84483
10424-107,Stringtough,Acq knee deformity NEC,0GNM4ZZ,345.2821
0409-1276,Keylex,Organic writers' cramp,0GW130Z,677.55762
42291-371,Flowdesk,"Fx navicular, foot-open",06V54ZZ,571.71859
50458-920,Stim,Open wound of breast,0D1B8ZN,97.51812
60505-0040,Fintone,Acq absnc cerv/remain ut,041J4KH,58.99
62011-0089,Holdlamis,Screen mal neop-rectum,080P0ZZ,864.7558
63629-4720,Bamity,Peritonitis NOS,0WHM41Z,978.44387
10267-2688,Latlux,Mumps encephalitis,03150K6,635.21774
43742-0087,Konklab,Counslng sbstn use abuse,0PHF34Z,344.19065
43547-337,Andalax,Benign neoplasm NOS,037U0F6,534.8378
66336-687,Temp,29-30 comp wks gestation,BQ3VZZZ,437.16805
0527-1396,Span,Fx low femur epiphy-open,07LG3DZ,95.3046
49575-003,Flowdesk,Ureter injury-open,0RHL08Z,867.6682
0603-1452,Transcof,Intrathorac inj NOS-open,0CBJ0ZX,539.84707
52959-420,Zontrax,Assault-gasoline bomb,05HY33Z,139.38174
76237-231,Sonair,TB of ear-exam unkn,0QSJ44Z,864.65595
0093-4741,Solarbreeze,Hx nerv sys/snse org NOS,0SRW0J9,457.23974
76439-321,Biodex,Uterine size descrep-p/p,0NH434Z,969.15849
21695-616,Fintone,Disl finger NOS-closed,F07B6GZ,188.09812
51655-413,Sub-Ex,Helminth arthrit-pelvis,0B9440Z,406.45496
59746-348,Quo Lux,Vertigo,DP043Z0,813.48168
62670-4245,Overhold,"Quadrplg c1-c4, incomplt",07U50JZ,274.47566
17630-2031,Flexidy,TB lung fibros-micro dx,09TF0ZZ,451.04737
50556-003,Pannier,Arcuate uterus,03V74ZZ,456.59394
68788-9685,Gembucket,Inf mcr rst ot drg nt ml,0QPG0JZ,423.78433
0268-1151,Greenlam,Pois-corticosteroids,0W044JZ,712.76037
21130-063,Kanlam,Cereb degeneration NOS,0D1N8KN,904.44587
36987-2166,Alpha,Crush inj neck,B338Y0Z,248.69879
67938-1086,Tresom,"Del-mult brth, some live",02CV3ZZ,422.33016
24385-986,Solarbreeze,Adv eff antivaricose,0XH433Z,734.36014
13537-153,Solarbreeze,Prsn hst ot spf urn dsrd,09JJ4ZZ,665.70278
55154-4621,It,No vaccin-acute illness,0WHR4YZ,427.30189
50544-005,Wrapsafe,Schizophr dis-chr/exacer,037L06Z,508.60277
0078-0406,Cookley,Hx monoclonal drug thrpy,0K5W4ZZ,234.56906
10893-200,Y-Solowarm,Instrumnt fail-infusion,061V49Y,162.27717
41520-047,Latlux,TB thorax node-no exam,0M9M30Z,878.73661
76328-334,Sub-Ex,Abdmnal rgdt periumbilic,0NW0X4Z,591.86007
60512-1007,Fintone,Chr mycot otitis externa,0F950ZZ,373.30522
65044-1660,Tres-Zap,Glauc resid-ster induced,0YJK0ZZ,481.54375
68737-229,Toughjoyfax,"BMI 60.0-69.9, adult",B317010,556.96156
63629-4173,Quo Lux,Loss of height,0HWQXKZ,395.8728
10237-703,Regrant,Hx-blood diseases,03130JJ,645.49229
68472-117,Prodder,"Pressure ulcer, upr back",08P1XJZ,112.03048
68001-177,Daltfresh,Adv eff opiat antagonist,0D958ZX,220.88222
35356-670,Tresom,Economic problem,041D4AG,936.82237
42291-886,Mat Lam Tam,Congenital diplegia,0QP245Z,541.85463
0615-7747,Voltsillam,Genu varum,0RPK03Z,204.8864
64679-987,Solarbreeze,Sbac lym leu wo ach rmsn,0RPA47Z,758.06752
64942-1123,Fintone,Malig neo vertebrae,0QSJ04Z,557.95758
60512-2003,Redhold,Sprain chondrosternal,047V0DZ,860.0606
65841-617,Stringtough,Open wound of foot,07V20CZ,225.16581
50383-732,Daltfresh,Acc d/t weightless envir,0T907ZZ,449.12275
67777-130,Home Ing,Pellagra,037K076,862.35799
51815-218,Trippledex,Pseudomonal pneumonia,CV1,426.56704
51672-1263,Regrant,Mv-train coll-motorcycl,0SW534Z,955.33659
33261-969,Voltsillam,Ped cycle acc-pers NOS,0B767DZ,220.75312
57520-0327,Stronghold,Brain hem NEC w/o coma,0314093,458.01233
15687-001,Y-Solowarm,Infantile hemiplegia,04NH0ZZ,921.63571
63629-5284,Stringtough,Burn NOS scalp,0DUV0KZ,933.95331
0378-2777,Matsoft,Transient mental dis NEC,DM005ZZ,571.40322
23155-112,Alpha,Malig carcinoid kidney,0QHK48Z,45.38102
64418-1122,Andalax,Poison-corrosiv/caustic,0KXJ0Z2,188.76272
65862-149,Zaam-Dox,Preg compl NOS-delivered,0TWD0KZ,155.4428
0074-3074,Mat Lam Tam,80-89% bdy brn/10-19% 3d,0RPA30Z,126.64475
51079-620,Wrapsafe,Hodg nodul sclero thorax,037337Z,966.22352
63941-102,Wrapsafe,Mal carcnoid hindgut NOS,037M34Z,422.35679
55312-182,Bamity,Opn cortex lacer-no coma,0LR64JZ,539.67827
43857-0097,Sub-Ex,Ac bulbar polio-type 2,0FVC7ZZ,296.74195
59078-043,Stronghold,Intertrochanteric fx-opn,0TWD4JZ,741.5994
0268-6772,Latlux,TB of thyroid-exam unkn,05H13DZ,801.30294
43063-174,Veribet,Meningococc encephalitis,0PRP47Z,21.46452
57520-0481,Lotlux,Genital organ anom NOS,0NB63ZZ,298.86016
0591-2785,Viva,Inj superfic femoral art,037S47Z,274.56927
49349-730,Holdlamis,Preg w hx-trophoblas dis,3E0634Z,804.70747
43269-739,Bytecard,Oculoglandular tularemia,05RP07Z,500.7716
42236-001,Home Ing,Mult endo neoplas type I,0PWV35Z,102.21634
37012-161,Fixflex,Night blindness NEC,F0702EZ,266.44516
65044-0790,Bitchip,Hx in utero proc fetus,0LUT0JZ,292.35983
0093-7542,Zamit,Hepatitis B carrier,B54PZZ3,268.97292
76159-002,Biodex,"Atheroembolism, site NEC",090147Z,862.59391
49738-763,Namfix,Syph dissem retinitis,041L0ZL,186.78345
65722-0123,Trippledex,Polyarthrit NOS-forearm,00BQ4ZX,902.91062
51596-010,Home Ing,"""ventilation"" pneumonit",047005Z,466.25865
50563-134,Treeflex,Spon ab w ren fail-comp,0SG83ZZ,722.80648
53145-304,Alphazap,Ear anom NOS/impair hear,07WM33Z,501.04827
24451-771,Zaam-Dox,Fam hx-cardiovas dis NEC,05VA4ZZ,133.00117
68828-116,Job,Retrovert uter-postpart,B5151ZZ,775.81208
36800-323,Vagram,Malign neopl choroid,041H49H,239.7727
36000-073,Subin,Opn brain lac-brief coma,0BWK32Z,843.01872
57520-0057,Temp,Adv eff polio vaccine,0XUR0JZ,999.32944
0591-0406,Zamit,Fertility testing,0QPH04Z,516.34647
21130-432,Holdlamis,Dietary surveil/counsel,0HHV81Z,860.26724
42248-128,Stronghold,Injury-explosives,01854ZZ,536.64876
52685-358,Transcof,Sprain of knee & leg NEC,018L0ZZ,146.6709
49738-897,Ronstring,Miliary TB NOS-no exam,0D1M0ZN,47.64112
0173-0836,Opela,Allerg arthritis-shlder,061Q4ZY,542.15584
41520-085,Asoka,Extrinsic eustach obstr,05LM0CZ,963.97245
58411-234,Otcom,Pois-propionic acid derv,0XHB03Z,709.29453
62699-1114,Opela,Injury popliteal vein,0JXF3ZZ,241.8457
13537-220,Otcom,Athscl extrm ntv art NOS,0FW033Z,208.48262
0463-8000,Holdlamis,Urethral hypermobility,06UN0JZ,940.05989
50268-291,Gembucket,Mixed lymphosarc spleen,0RBU4ZZ,379.58242
21695-181,Tin,Cataract w neovasculizat,0J9H30Z,686.1501
54569-5240,Cardify,War inj:prsn-brn fragmnt,0RUH07Z,958.7123
41250-074,Gembucket,Screen-blood dis NEC,0DVN3CZ,613.41588
0781-2228,Ronstring,Old disrupt lat collat,0RGV07Z,805.43121
51660-036,Matsoft,Cervical root lesion NEC,B22300Z,640.82791
54162-006,Zaam-Dox,Syphilis of muscle,0SGG3KZ,970.4491
52125-306,Wrapsafe,Primary CNS lymph spleen,0DBP8ZX,582.22042
0597-0186,Otcom,Proteus infection NOS,0WPK07Z,363.30728
54868-6070,Veribet,"Acute gingititis, plaque",0QW234Z,665.12949
24987-425,Bytecard,NB transitory tachypnea,BQ2XYZZ,481.51705
63981-100,Domainer,Zygomatic hypoplasia,04100Z9,315.75875
57826-426,Tempsoft,Prs ara wo inf/ntr w st,0D1307B,194.86532
0406-9204,Asoka,Open wnd trunk NEC-compl,021V08T,257.74609
68387-531,Otcom,"Inflam dis, penis NEC",0XHD03Z,674.10816
59726-256,Fix San,Cong cntrl hypovent synd,BP2V1ZZ,882.90854
0268-1001,Matsoft,Pyrophosph cryst-shlder,0SWJ37Z,519.46406
75854-309,Bamity,Abn react-renal dialysis,021109C,610.74819
68599-6106,Voltsillam,Cataract in inflam dis,021Q09A,946.0354
0113-0022,Tampflex,Galactorrhea preg-unspec,03170JD,678.3298
54973-2965,Stim,Adrenal disorder NEC,0N953ZX,664.86979
63629-2626,Stim,Stress incontinence male,0QB44ZX,318.00631
63029-444,Cardguard,Recur dislocat-forearm,0HHX31Z,230.47813
0378-0873,Voltsillam,Hematospermia,0JXL0ZC,294.68452
46672-645,Namfix,Gouty tophi of ear,0CU03JZ,50.31217
68645-424,Cardify,Unpow aircrf acc-chutist,05BD0ZZ,757.95285
52982-106,Viva,Fail sterile catheter,0T174JA,755.66116
63824-741,Gembucket,Bladder/urethra inj-open,089Y30Z,110.57056
36987-1247,Lotstring,Hered spastic paraplegia,0MQH4ZZ,908.88856
61727-321,Toughjoyfax,Tick-borne ricketts NEC,0NUP3KZ,651.61458
39822-4200,Otcom,Abn amnion NOS aff NB,0XU84KZ,728.64188
0268-0167,Fintone,Gstrontest vesl anomaly,2W5PX4Z,939.16295
63739-325,Y-Solowarm,Abnormal reflex,0T747DZ,645.50475
35356-544,Toughjoyfax,Toxic eff gas/vapor NEC,0D1M0ZP,331.45431
76123-245,Cardguard,NB hematological dis NOS,0U978ZZ,958.32659
0228-3659,Y-find,Poison-alcohol deterrent,04HS43Z,467.02819
67147-221,Zamit,Unsocial aggress-unspec,0JPT30Z,241.27616
41163-770,Opela,Late effect of radiation,0RU347Z,267.93947
60512-2011,Rank,Hdgk dis unsp xtrndl org,0PUG4JZ,723.27121
42086-101,Domainer,One eye-mod/oth-near tot,05B94ZZ,407.74462
11673-878,Bamity,Dis interphalan foot-opn,047D3D6,200.81937
53329-080,Bitwolf,Left heart failure,BW2FZZZ,359.03448
46122-215,Kanlam,Vertebral fx NOS-closed,0PBV3ZX,893.96487
37000-084,Flexidy,Burn acc not in bldg,0QWDXKZ,808.69482
67296-0320,Bitwolf,Iron defic anemia NOS,0W050KZ,141.25216
54868-0023,Prodder,RR acc w derail-pedest,0LCR3ZZ,105.18129
68084-581,It,Cardiac murmurs NEC,0FC14ZZ,838.36189
60429-362,Alpha,Chr stom ulc hem/perf-ob,0DW6X2Z,798.8626
53808-0689,Keylex,3rd deg burn eye,DFY38ZZ,373.64058
49288-0680,Matsoft,Fox-fordyce disease,0UNG7ZZ,741.09526
0067-0134,Stronghold,Rheum pulmon valve dis,0TLB0ZZ,590.46057
36987-1103,Fix San,Fx angle of jaw-closed,0QU93KZ,797.38581
54569-0075,Keylex,Posttransfusion purpura,0MUQ4KZ,70.07434
68988-050,Zaam-Dox,Ob pulmon embol NEC-unsp,XW03372,378.84059
52125-478,Matsoft,Unc behav neo skin,0WJD0ZZ,276.40508
57955-0817,Ronstring,Bacteriuria preg-unspec,04704F6,296.08414
36987-1259,Treeflex,Mv traff acc-mcycl psgr,099S3ZZ,460.80256
11673-957,Overhold,Radial styloid tenosynov,0RPT08Z,735.55526
53808-0994,Voyatouch,Undet circ-fall residenc,0FUC47Z,642.95832
54868-3671,Stringtough,Chr sphenoidal sinusitis,0SGB37Z,943.07273
52125-332,Wrapsafe,Fitting dental prosthes,0RUM07Z,682.2494
55714-2343,Bitchip,Tritan defect,0QQMXZZ,873.42966
0781-5421,Subin,Subjective tinnitus,04S94ZZ,255.37711
54569-3176,Matsoft,Abn pelv tiss obstr-unsp,0P5J0ZZ,891.1739
54949-001,Tin,Maternal injury aff NB,00N74ZZ,677.19491
0067-6346,Y-Solowarm,Protein-cal malnutr NEC,0JX13ZB,233.59878
44237-008,Zontrax,Hem early pg NEC-antepar,0RWWX7Z,146.70801
54162-045,It,Lipoid metabol dis NEC,0KMC4ZZ,774.14074
53329-079,Tampflex,Fx c3 vertebra-open,069N00Z,424.20335
55711-064,Zoolab,Insuf interocclusl-teeth,0HCCXZZ,505.39625
51400-001,Regrant,Chronic nephritis NEC,0SWN03Z,241.49583
13537-433,Latlux,Abnormal vep,0D1L87P,219.26427
37000-293,Tempsoft,Aseptic necrosis humerus,0SSD05Z,252.26858
64942-0891,Opela,Ob air embol-deliv w p/p,0CSB3ZZ,177.89514
21695-828,Zamit,Contusion NOS,0RG7071,161.27719
0378-0460,Bamity,Taenia solium intestine,02C34ZZ,239.3301
34645-3110,Asoka,Regular astigmatism,099M3ZZ,275.98233
25000-134,Cookley,Neo skin ear/ex canl NEC,9WB2XKZ,288.7561
51079-083,Sub-Ex,Open wound vagina-compl,0X923ZX,857.73263
42254-077,Tempsoft,Cl skull fx NEC-brf coma,0D1A47L,657.47477
0268-1029,Fintone,Pituitary dwarfism,0W3B4ZZ,672.3757
33261-146,Konklab,Joint dis NEC-hand,0D1H0ZN,887.76304
63776-270,Pannier,General medical exam NEC,3E0W3TZ,680.42487
0003-1612,Cardguard,Woodworking machine acc,04S84ZZ,158.79695
55154-5767,Sonair,Dental caries - enamel,0MBF4ZX,391.72615
48951-7015,Bitchip,Perforation of esophagus,0FRD4JZ,606.7881
59762-6723,Quo Lux,"Cyst of kidney, acquired",0SRR07Z,805.77829
55289-926,Stringtough,DMII hprsm nt st uncntrl,0XW74JZ,692.43105
43063-457,Andalax,Uterine tumor-antepartum,0HWUXKZ,876.8028
14783-550,Holdlamis,Leg ab w compl NOS-comp,0CQNXZZ,49.62015
52584-273,Sonair,"Amputat foot, bilat-comp",0SWB0BZ,419.07946
10812-091,Holdlamis,Pasteurellosis,0DT60ZZ,98.99272
67046-311,Bigtax,Boat acc inj NEC-docker,04V03Z6,713.3915
63739-456,Quo Lux,Opn cerebe cont-brf coma,2W5CXYZ,718.95384
50436-9933,Kanlam,Acc cut/hem w heart cath,0RPF4KZ,685.59038
52125-299,Mat Lam Tam,Oth ob compl-deliv w p/p,027047Z,319.65153
0006-0275,Stringtough,Varices of other sites,B92J1ZZ,744.84791
0268-6186,It,Chronic tension headache,080R3KZ,550.26652
54838-559,Namfix,Detrusr sphinc dyssnrgia,099E0ZX,648.11503
16590-234,Home Ing,Ab mammogram NOS,0NU54JZ,481.10612
65044-4702,Pannier,Amniotic embol-antepart,0WPK33Z,643.41628
49580-1406,Zontrax,Disorder of penis NOS,07U947Z,64.74642
0904-6193,Trippledex,Cardiogenic shock,0NBG0ZZ,923.76968
49911-884,Cookley,Fracture one rib-open,037V0G6,727.60403
51079-347,Wrapsafe,Thrombosis NEC-delivered,07V34DZ,541.90871
61010-1111,Hatity,Infantile hemiplegia,0Y9M40Z,248.91298
43595-080,Treeflex,Sciatic nerve lesion,0GBL0ZX,465.52092
0904-6091,Trippledex,Impaired renal funct NOS,037J05Z,792.54128
49967-075,Cookley,Injury-NOS,037U4FZ,271.31264
36987-2460,Stim,Syndactyl fing w fusion,0Y0C3KZ,875.61529
55648-734,Subin,Effects of thirst,03L60CZ,447.0406
13537-330,Ventosanzap,Screening-yellow fever,0D983ZX,928.57857
16714-356,Tres-Zap,Burn NOS wrist,021V4KR,541.26622
37000-368,Quo Lux,Polyarteritis nodosa,0X9H4ZZ,77.09402
0781-1635,Domainer,Unilat ing hernia w gang,0RWD4KZ,767.15459
52959-763,Wrapsafe,Trans hyperten-delivered,0YP93JZ,579.77951
55648-311,Latlux,Diplopia,F07F0FZ,752.92427
0378-6270,Mat Lam Tam,Schizophrenic dis-remiss,0NUG4JZ,377.37228
0006-0080,Bigtax,Juv osteochondros spine,0MCL0ZZ,106.90413
0054-4186,Zoolab,Acq esophag diverticulum,0N5N3ZZ,489.50872
62011-0050,Alpha,Bengn carcinoid oth site,0PUF0JZ,609.88264
0115-4433,Solarbreeze,War inj:nucl weapon NOS,0VWM83Z,190.45384
16995-001,Sonsing,Enterobiasis,0W1B0JJ,501.92388
49999-938,Subin,Fx mult cervical vert-cl,0DCH3ZZ,659.23855
55513-144,Cookley,Mechanical ectropion,047M06Z,832.51274
60505-2653,Daltfresh,Atrophy tongue papillae,08UD07Z,285.7321
55714-2347,Fintone,Fall-occup oth aircraft,03PY3CZ,152.17963
68788-9931,Opela,Chagas disease of heart,0DUN8KZ,262.44261
51079-567,Domainer,Brain hem open-deep coma,CW2MSZZ,504.15825
10122-325,Kanlam,Snow veh acc-st car,09PK3JZ,461.47388
49967-003,Voltsillam,Adv eff expectorants,0RPXX0Z,722.94238
53808-0587,Greenlam,Spon ab w compl NOS-unsp,F07L1EZ,712.09501
53808-0909,Y-find,Atriovent block NOS,0YUT4KZ,371.44409
60681-1403,Trippledex,Post-surgical forgn body,BY35YZZ,981.9536
51224-153,Latlux,Prs ara wo ntr w inf/st,D9033Z0,818.83375
57243-506,Tampflex,FB in anterior chamber,0T140KD,553.52597
59779-472,Voyatouch,CV dis NEC-deliver w p/p,0SJK3ZZ,4.21518
55111-727,Fintone,Abn toxicologic finding,0DQQ8ZZ,743.41721
55154-9430,Temp,Bordetella parapertussis,0UTK0ZZ,106.8904
58988-0022,Viva,Arthrop w hypersen react,0TU38KZ,252.44206
37205-724,Lotlux,Hx-allergy NEC,03160ZD,826.80239
68828-125,Bigtax,Cushing's syndrome,0LUJ0KZ,480.99357
0703-8540,Zoolab,Tackle football,03BC4ZZ,106.84611
68788-9795,Greenlam,Adhesive pericarditis,061247Y,509.29577
0942-6478,Matsoft,Alcoh dep NEC/NOS-unspec,085SXZZ,460.70169
58411-211,Vagram,Psychogenic sensory dis,2W1MX7Z,206.94689
51531-0332,Wrapsafe,Cl skul vlt fx-deep coma,041009D,393.04431
64117-102,Wrapsafe,Epilepsy-postpartum,DD13BBZ,213.0665
51346-146,Duobam,NB acidosis NEC,0UPH03Z,658.75236
64679-175,Fintone,Obstetric shock-unspec,0RG23J0,473.9778
0054-0199,Y-Solowarm,Pois-cns stimulant NOS,0KUW4JZ,147.74862
36987-1941,Stronghold,Meniere's disease NOS,037P4D6,370.27898
59050-444,Opela,Opn wnd knee/leg w tendn,0GB20ZX,732.38677
61570-131,Domainer,Malign neopl arm,07NL3ZZ,633.00361
0268-0864,Toughjoyfax,Early complic trauma NEC,0Y6Q0Z3,926.30974
36800-906,Transcof,TB meningitis-micro dx,0D20XUZ,901.34587
59078-041,Veribet,Trans arthropathy-l/leg,0K994ZX,497.11549
59741-119,Cardify,Puerperl sepsis-postpart,0RH00DZ,681.67167
0407-1412,Domainer,Fecal smearing,0Y0B3ZZ,320.36335
54973-2918,Biodex,Lumb/lumbosac disc degen,0TRC47Z,179.53198
42602-006,Regrant,Brain inj NEC-brief coma,BT071ZZ,472.52591
60306-115,Asoka,Adv eff succinimides,0QPL45Z,805.02976
62011-0161,Cardify,Ch embl thorac vein NEC,0HQT3ZZ,373.02344
11084-125,Ventosanzap,Oth curr cond-del w p/p,B221YZZ,92.11164
68828-164,Matsoft,Visual percept w/o fusn,0L9J4ZX,382.49547
0904-5769,Greenlam,Contusion of breast,0FH103Z,592.71367
51769-555,Home Ing,Dicalc phos cryst-shlder,037K3G6,219.12301
68788-9951,Zaam-Dox,Abn vagina in preg-unsp,CW5B1ZZ,703.21746
65862-112,Holdlamis,Oth urinry incontinence,0G9Q0ZZ,860.72961
0004-0068,Overhold,Acoustic trauma,04VC4EZ,250.52592
49349-040,Greenlam,Ret prod conc-del w p/p,0SGD45Z,20.0729
24208-735,Solarbreeze,Screen-alphafetoprotein,03UT4JZ,224.69925
21695-089,Cardguard,Fracture of sternum-clos,0SW443Z,850.45188
63629-5052,Cardguard,Other quadriplegia,0JPS33Z,37.50168
21130-271,Overhold,Ac laryngitis w obstruct,0UB04ZX,215.20546
68084-762,Trippledex,Undet circ-suf plast bag,009Y0ZX,827.2831
49999-151,Vagram,Botulism food poisoning,0CT70ZZ,393.25643
65044-1789,Tempsoft,Mv collision NOS-st car,0RPR33Z,589.24816
52125-886,Lotstring,Pois-skin/membr agnt NOS,BR10YZZ,221.10675
11822-5649,Solarbreeze,Cl skull base fx-concuss,0B910ZZ,106.20893
36987-2908,Transcof,Gonococcal eye NEC,0RHF48Z,493.21722
98132-712,Stim,Pulmon TB NEC-exam unkn,03UN37Z,200.84487
67751-132,Fintone,Antepartum hem NOS-deliv,06S54ZZ,280.11958
49348-500,Zontrax,Av block-2nd degree NEC,0X0D3JZ,885.89209
55154-2391,Rank,Open wound thyroid gland,09WD8SZ,755.25847
63629-3551,Otcom,Acq nasolacrml stenosis,00W042Z,60.5303
54868-4070,Lotlux,Dermatophyt scalp/beard,0RG2470,901.90273
53808-0634,Fintone,"Skew deviation, eye",09B50ZX,104.09494
25021-307,Bamity,Open wound finger-compl,0W194JG,840.27143
49035-449,Y-find,"Stress react, emotional",04HW03Z,963.05287
54868-5523,Subin,Sprain coracoclavicular,0KBP3ZZ,823.05373
47335-818,Latlux,Unspf acq deformity head,0B9640Z,225.40131
0904-6310,Span,Cong tot/subtot cataract,0K9J0ZX,426.07039
50383-618,Bamity,Loss labyrn react unilat,031J09G,38.9368
55312-213,Y-Solowarm,Syphilitic pericarditis,00QH0ZZ,119.53952
0615-7545,Prodder,Syphilis of tendon/bursa,05CN0ZZ,678.23313
55154-4978,Daltfresh,Legal execution,0PSV04Z,663.06902
68645-449,Stronghold,Mal neo upper lobe lung,047104Z,708.1353
41616-758,Greenlam,Creutzfldt-Jakob NEC/NOS,0BDN3ZZ,232.9241
52125-898,Zontrax,Illeg ab w met dis-unsp,0LCR0ZZ,310.4184
64762-884,Tresom,Ankylosis ear ossicl NEC,047K4D1,183.07021
49035-114,Tres-Zap,Retroperitoneum inj-open,0RP34JZ,185.01155
10812-354,Transcof,Idio perph auto neur NOS,0YQU3ZZ,676.87352
63187-027,Hatity,Flatul/eructat/gas pain,0M914ZX,224.22826
58755-0001,Cardguard,"BMI 35.0-35.9,adult",DD11BCZ,875.10256
61919-031,Home Ing,Machinery acc-pasngr,04QB4ZZ,627.7876
55154-0410,Biodex,War inj:aircrft collisn,0K9140Z,889.37312
50114-1103,Keylex,P/p coag def-del w p/p,0SS344Z,92.61239
54973-2917,Ventosanzap,Hx-circulatory dis NEC,0RGL47Z,590.91201
10812-168,Bigtax,Nonrheum tricusp val dis,0RHF48Z,548.64266
55319-064,Voltsillam,Hypotony due to fistula,0BU447Z,148.92901
35356-787,Cardguard,Claw hand,0C9F3ZX,485.54213
66993-416,Bytecard,Acute appendicitis NOS,03753D6,982.71146
55621-004,Konklab,Glauc w inc episcl press,09W707Z,69.48452
52862-009,Temp,Sprain shoulder/arm NOS,0X0B3ZZ,389.38328
57520-0985,Treeflex,Lumbosacral spondylosis,0S5M4ZZ,304.97115
21695-237,Pannier,Inadequate housing,0LUK0KZ,529.0983
68084-484,Bytecard,Ankle enthesopathy NEC,DB20JZZ,89.45842
76439-223,Temp,Impairm auditory discrim,0RHC43Z,175.19347
0065-0454,Kanlam,Uncert behavior neo NEC,09QR4ZZ,5.71998
53808-0927,Daltfresh,Open wound larynx-compl,021W4JB,660.73831
49288-0953,Gembucket,NB cardiac arrest,06V04CZ,281.48443
52533-024,Stim,Abn cervix NEC preg-unsp,0PSP45Z,661.24301
63922-600,Bigtax,TB esophagus-unspec,0473046,620.04402
0615-7830,Prodder,Dysenter arthrit-unspec,081Y3J3,81.39984
0078-0377,Duobam,Blepharophimosis,0SWD33Z,551.46501
36987-1945,Biodex,Unilat ing hernia w gang,0MBB3ZZ,961.00711
15127-963,Voyatouch,Adv eff hallucinogens,BQ3VY0Z,733.28516
68382-141,Ventosanzap,Gu TB NOS-cult dx,D91BB9Z,469.82986
60512-2020,Redhold,Adv eff emoll cathartics,0KXG4ZZ,735.11558
0338-0807,Prodder,Inj mult abd/pelv vessel,0QR247Z,970.17135
0135-0200,Toughjoyfax,Drug psy dis w hallucin,0NCK4ZZ,499.51564
68001-179,Ventosanzap,Foreign body anus/rectum,0Y964ZZ,389.88879
10356-101,Stim,Sewing,047P356,556.18134
64141-019,Voltsillam,Abdmnal mass rt lwr quad,01B53ZX,536.60938
0268-0081,Stim,Hearing loss NEC,0KNJ0ZZ,277.41868
55154-7465,Domainer,Ac kidney fail-postpart,0371466,752.24323
11084-068,Flexidy,Chr T & A dis NEC,021W08D,87.90248
50563-134,Mat Lam Tam,Cervical agenesis,0QSR35Z,399.74237
55910-947,Stringtough,Opn subarach hem-concuss,0B973ZZ,387.06389
50600-001,Fintone,Retroperiton infect NEC,0XUS0JZ,4.97985
24236-166,Stim,TB male gen NEC-cult dx,09CQ0ZZ,12.42315
55316-272,Zamit,Poison-antidepresnt NOS,0DVG8ZZ,534.88206
10096-0291,Otcom,Dentl caries-smooth surf,B31B010,114.01945
11534-156,Konklab,Mal neo head/face/neck,0RS4XZZ,131.40504
63824-171,Tin,Pois-parasympatholytics,DD1398Z,105.46189
43742-0060,Span,Hyperventilation,01543ZZ,625.94241
65044-3203,Sonair,Presenile delirium,06180ZB,847.63712
10237-817,Daltfresh,Mv n-traff NEC-pers NEC,0VBTXZZ,791.19309
43269-673,Sonair,Cyclophoria,B42HYZZ,745.14212
37808-357,Zaam-Dox,Fail mechan induct-unsp,D90D3ZZ,175.43627
22408-000,Voyatouch,Persistent insomnia,08SW3ZZ,30.94116
52584-630,Pannier,Puerp compl NOS-postpart,001U0J9,665.05372
49999-632,Temp,Salmonella infection NEC,04704EZ,131.57646
16714-406,Matsoft,Other alter consciousnes,0SHD33Z,254.11719
12546-110,Voltsillam,Fx neck of femur NOS-opn,B31N1ZZ,704.76463
21130-311,Pannier,Salmonella septicemia,0TL73CZ,827.43754
98132-182,Job,Vomit of preg NOS-unspec,0JWT30Z,688.38938
58767-722,Toughjoyfax,TB of spleen-unspec,04SK3ZZ,988.43811
59762-2858,Aerified,Inf spasm w intract epil,0L9040Z,786.1368
0071-2418,Biodex,Mal neo gi/intra-abd NEC,F07N6BZ,940.50797
65044-1703,Stim,Stricture of cervix,B512YZZ,709.89828
58503-037,Sub-Ex,Machine acc-unpow boat,07L04DZ,60.9761
65044-1121,Zoolab,Cervical auricle,00CT0ZZ,774.23233
0068-0021,Ronstring,Abo incompat/delay HTR,0X9G4ZX,925.98858
10019-653,It,Opn cerebel cont-concuss,0B9H4ZZ,763.71281
48951-1016,Holdlamis,Adv eff cardiovasc NEC,06R947Z,885.45585
30142-484,Stringtough,Ben neo male genital NEC,0DVB8DZ,831.76551
54868-5190,Home Ing,Traum arthropath-forearm,BQ2K0ZZ,191.11156
65044-1172,Sonsing,"Volleyball (beach,court)",0XQ94ZZ,682.50662
0075-8022,Alphazap,Bartonellosis,DB17B9Z,891.46428
13537-190,Pannier,Pregnancy test-positive,DD129CZ,442.12607
49483-341,Vagram,Jt stiffness NEC-mult jt,D9Y67ZZ,964.32
65862-686,Sub-Ex,Frontal lobe syndrome,0RRN0JZ,730.15071
36987-1415,Daltfresh,Foundling health care,0RQH3ZZ,135.52843
0168-0484,Solarbreeze,Personal histry malaria,BR0GZZZ,662.53995
53238-002,Tampflex,Epidem keratoconjunctiv,0WHL31Z,416.34904
59351-0331,Solarbreeze,X-ray/gamma ray exposure,DG003Z0,181.07021
68026-241,It,Mv coll w pedest-pedest,02703Z6,212.62593
54868-2131,Trippledex,"Pressure ulcer, site NEC",2W3LXYZ,363.60351
55154-7458,Hatity,Vaccin for common cold,0DC78ZZ,614.05107
10096-0182,Biodex,Old disrupt med collat,03RC47Z,204.77686
63629-3328,Veribet,Cardiorespirat probl NEC,04VV3DZ,694.92621
65044-6692,Holdlamis,3rd brn w loss-upper arm,0WWR73Z,488.16367
21130-336,Latlux,Cortex lacerat-mod coma,07U107Z,235.23879
64679-949,Holdlamis,Fx eight/more ribs-open,0R9B4ZX,764.13306
65862-048,Tresom,Adhesive capsulit shlder,0Y6C0Z2,520.13211
55154-2661,Tempsoft,TB of adrenal-exam unkn,07B33ZX,138.50144
54575-168,Sub-Ex,Congenital chordee,009X40Z,330.70502
76214-027,Tresom,Trigeminal neuralgia,0QC00ZZ,840.71794
41415-210,Ronstring,Herpes simplex eye NOS,0SH644Z,995.34631
61442-201,Zoolab,Tox uninod goit w crisis,0PWTXKZ,111.6924
0093-0233,Asoka,Delay del 2 twin-antepar,0VW400Z,887.74401
0363-4115,Temp,Sunburn,0L9300Z,471.65538
63323-270,Rank,Joint replaced hip,0R9F00Z,46.17128
0115-0672,Veribet,Ancylostoma NEC,0KB60ZX,194.26565
0615-1556,Subin,Jt derangement NOS-mult,0VW43KZ,685.98262
54868-2803,Bytecard,Hx of ECMO,0DWD3DZ,241.75953
54832-0001,Veribet,Ocl bslr art wo infrct,0H5BXZZ,272.98044
63304-531,Quo Lux,Craniofacial-orbit defor,01NK4ZZ,713.63528
63629-4699,Daltfresh,Failure in dosage NEC,0WWC01Z,153.31949
63323-140,Alphazap,Hereditary optic atrophy,2W4MX5Z,182.75819
49614-360,Stronghold,Undet circ-suffocate NOS,037S47Z,189.71897
49035-071,Stronghold,Erythromelalgia,04LE0ZZ,663.94583
15370-110,Prodder,Cervical root injury,0Q8P3ZZ,827.64444
0186-0370,Quo Lux,Function dis neutrophils,DD011ZZ,973.89212
0228-3230,Latlux,Difus sec atroph choroid,01QL3ZZ,128.54835
43857-0325,Wrapsafe,"Exostosis, site NOS",0TJ,54.65177
63776-310,Trippledex,Mening in oth nonbac dis,0HRFX73,812.07673
41520-693,Prodder,Somat dys head region,04VV0CZ,528.3086
0641-6000,Opela,Breast abscess-delivered,05B94ZX,876.39994
55910-413,Gembucket,Disl metatarsal NOS-open,01CN3ZZ,611.02968
0173-0831,Job,War inj:mortar,0QH645Z,17.59238
49288-0047,Duobam,Scrn malig neo-intes NOS,0WW001Z,548.92259
49349-839,Ventosanzap,Low birthwt status <500g,027134Z,65.83544
0093-8165,Subin,Mal neo nasopharynx NEC,0BWT0KZ,585.07379
25021-701,Andalax,Opn wound auditory canal,0VPD70Z,935.21416
68472-081,Bitchip,Skin anomaly NEC,4A14352,75.13364
65862-551,Job,Loose body-unspec,0TB48ZX,525.6055
65044-6589,Prodder,Mal neo adnexa NOS,041K4JL,603.88614
