name,nit,admin
Temp,7792,Rodolph Patchett
Namfix,9389,Estevan Bellerby
Tampflex,4263,Evanne Bittany
Mat Lam Tam,3343,Dorelia Leppington
Lotlux,1483,Lowe Wharfe
Subin,3459,Flinn Askaw
Kanlam,9812,Lem Shadfourth
Wrapsafe,8553,Sarah Attwool
Tresom,2773,Obie Van Castele
Bitchip,2759,Babbette Bonifant
Transcof,1771,Ximenes Rebichon
Cookley,3727,Holmes Collicott
Vagram,2212,Jerad Cockayme
Sonsing,736,Temple Tarney
Veribet,8042,Suzann Izakoff
Alphazap,9504,Thaine Forman
Cardguard,3837,Emmalee Swatland
Opela,9054,Mindy Blondel
Aerified,8469,Estrellita Meharry
Tresom,8075,Morry Slite
Latlux,8396,Penelope McJury
Flowdesk,7908,Rozanne MacCole
Gembucket,3209,Irma MacConnulty
Konklux,8050,Ludwig Fordham
Pannier,2200,Rorie McGerraghty
Ventosanzap,6923,Ephraim Cullingford
Hatity,9526,Rustie Hordell
Wrapsafe,9145,Boonie Vamplus
Tin,0831,Nonah Frapwell
Cardify,8774,Peria Tother
Job,5253,Marcelline Ingles
Bigtax,9604,Carlie Hardes
Quo Lux,8734,Kylila Flynn
Stringtough,2370,Domenic Arndtsen
Bytecard,3573,Babb Hurcombe
Home Ing,0119,Mead Leonarde
Redhold,7771,Olivette Ellsom
Trippledex,3710,Baron Lynnett
Opela,4873,Oliver Saltwell
Regrant,2933,Bernadette Iannelli
Toughjoyfax,632,Tessa Cordle
Zaam-Dox,8130,Alberta Papen
Bytecard,9089,Amble Emby
Biodex,3239,Adelind Mirams
Ventosanzap,3220,Terri Grouer
Sub-Ex,806,Shay Wilfing
Prodder,0113,Lezley Abramovicz
Hatity,5196,Anne Fanshawe
Bigtax,4258,Pincas Ondra
Toughjoyfax,6371,Seymour Winn
Overhold,9824,Nobie Hitcham
Prodder,5732,Celisse Curton
Viva,3982,Elnore Taggerty
Y-Solowarm,3573,Jackson De Dei
Trippledex,8535,Penny Korpal
Ventosanzap,7838,Walden O' Mulderrig
Lotlux,7949,Cassandre Calderwood
It,8724,Murielle Lamminam
Asoka,3799,Dewey Worswick
Opela,8030,Erin Salasar
Flowdesk,6393,Luelle Ovenden
Andalax,0014,Ruprecht Dowbakin
Regrant,7251,Brunhilda Gossage
Y-Solowarm,8943,Rosetta Whitefoot
Hatity,3539,Amalee Keywood
Trippledex,8782,Ricard Pitsall
Stringtough,8587,Sandy Klimentyonok
Namfix,038,Caro Djokic
Otcom,3799,Clare Kelloway
Bytecard,3597,Uta Ferrarese
It,5381,Rudolfo Scarffe
Namfix,5893,Lazarus Wollaston
Sonair,8139,Rockwell Ludovico
Voyatouch,7983,Bertie Broderick
Voyatouch,5421,Andreas Pohlak
Home Ing,8925,Demetris Mirfin
Overhold,9132,Arty Sudron
Cardify,7675,Rhodie Mungin
Temp,6562,Rosa Edelman
Y-find,7887,Tristan Comoletti
Zaam-Dox,9606,Chrisy Toffts
Trippledex,9213,Gunter Inderwick
Cardguard,9919,Ervin Gyenes
Wrapsafe,284,Justina Macey
Hatity,0715,Skylar Vaudre
Bytecard,4415,Florry O'Shavlan
Voltsillam,8895,Steward Cockcroft
Bytecard,8801,Stephanie Crosfeld
Cardify,6829,Chadwick Downage
Ronstring,3867,Peder Roscamps
Stim,5113,Mellicent Cowper
Hatity,4971,Denney Cereceres
Duobam,7997,Nariko Hynard
Flowdesk,7800,Dorey Buxsy
Redhold,8185,Niki Trodden
Lotlux,8962,Irena Parslow
Rank,9995,Vale Couronne
Holdlamis,7784,Rog Eltone
Sub-Ex,9179,Pierce Lees
Wrapsafe,9063,Debor Andover
Redhold,3259,Myrna Francis
Greenlam,0353,Elwyn Bisset
Rank,8417,Ariana Champerlen
Stringtough,726,Millie Hansberry
Home Ing,8042,Franklin Dufoure
Duobam,7391,Amalee Daniels
Zontrax,7963,Fredia Cordeix
Solarbreeze,4610,Maggy Kiendl
Veribet,7833,Pryce Klemt
Kanlam,5569,Theodore Rooke
Pannier,8130,Cash Pray
Alpha,8609,Finlay Dodwell
Bitwolf,7970,Adore Denyukhin
Aerified,7752,Drucill Abelwhite
Temp,3193,Linn McKinnon
Temp,5471,Diahann Osmant
Overhold,3594,Goldarina Filyushkin
Stim,4514,Molly Casella
Veribet,2253,Barry Carlett
Konklab,8448,Booth Ozelton
Andalax,146,Devon Chafney
Pannier,9955,Ric Capeling
Bitchip,4573,Lonnard Cleal
It,0069,Anallise Annell
Voltsillam,0339,Sibel Tetley
Sonair,7762,Loreen Seeking
Cookley,1401,Thomas Tewnion
Treeflex,9225,Buddie McCamish
Bitchip,9761,Gawen Woolacott
Alpha,7845,Hubey Iacavone
Sonair,9976,Morie O'Shevlan
Zontrax,4611,Calli Blumer
Stringtough,253,Demetria Crosdill
Fintone,9659,Roma Gumley
Stronghold,4701,Bryant Warlton
Y-find,7737,Hadrian Thomton
Voyatouch,8162,Davina Damper
Tin,1449,Helena Fossitt
Solarbreeze,3616,Killie Mara
Lotstring,4525,Thorn Cuffe
Andalax,7844,Kev Shambrook
Matsoft,4671,Javier Garriock
Ronstring,8175,Noami Britt
Span,7940,Bianka Ivanaev
Quo Lux,8729,Clovis Burrass
Zoolab,8373,Kaia Ashpole
Duobam,0392,Olag Kobpal
Domainer,3979,Adan Hedworth
Stim,8159,Inness Philips
Bytecard,856,Donetta Woofendell
Tin,5823,Filippa Soppit
Konklux,3990,Marylou Maffin
Tampflex,1141,Briney Pennetti
Span,0701,Olympie Iglesia
Stronghold,4575,Willy Blacklidge
Lotlux,7779,Mariellen Mitchelson
Matsoft,8883,Marie Kenchington
Aerified,8314,Adelaide Vennart
Bigtax,8865,Graeme Kohter
Fix San,4959,Sig Souster
Stringtough,2723,Etheline Ingley
Trippledex,9002,Sharla Langfield
Stronghold,6539,Morganica Backman
Treeflex,7983,Marysa O'Corhane
Subin,9019,Erik Petrecz
Greenlam,6061,Ralina Lintott
Asoka,1401,Perle Fearnill
Lotlux,0045,Angelique Barrott
Konklux,7772,Shelli Dregan
Stringtough,3615,Kalvin Berthe
Span,301,Oswell Tearney
Zaam-Dox,8211,Patty Village
Lotstring,6769,Auria Warmisham
Konklux,9135,Cecily Gorringe
Konklux,4923,Hedda Foldes
Redhold,9095,Joaquin Trustie
Transcof,3993,Horatia Killcross
Lotlux,7393,Ardella Fusedale
Sonsing,4550,Baird Joblin
Bitwolf,0109,Zorine Lawly
Aerified,7119,Reinald Lowres
Zontrax,2263,Erda Capron
Redhold,9324,Mozes Fippe
Tampflex,0039,Sephira Buttwell
Konklab,7900,Sasha Newham
Flexidy,8554,Mohandis Tommei
Tresom,3613,Hertha Swains
Viva,1681,Sybil Breakwell
Solarbreeze,7770,Fiann Vardy
Home Ing,560,Dud Kleinschmidt
Flexidy,1424,Izaak Myrick
Vagram,304,Beau Fogg
Matsoft,2062,Darleen Callan
Cookley,6561,Aarika Stoakley
Keylex,8195,Jerrie Imrie
Zaam-Dox,9765,Blondy Robertson
Latlux,9093,Kelsey Ogelsby
Veribet,8906,Sayre Veighey
Y-find,1453,Sigvard Basire
Fintone,7991,Vinny Jakel
Tresom,7933,Tami Bradnocke
Toughjoyfax,8548,Raeann Battelle
Gembucket,9715,Kaylyn Yurevich
Tin,3391,Rhoda Van der Linde
Tin,3194,Dusty Mapson
Voyatouch,2032,Ernestus Cutts
Greenlam,6661,Indira Bannerman
Ventosanzap,3029,Miguela Tapton
Bamity,0056,Karly Brimmell
Transcof,5189,Tandy Hexam
Zontrax,1623,Ilyse Lowdwell
Stronghold,4492,Dionysus Ashford
Viva,3992,Jolyn Shepheard
Alpha,8706,Dyna O' Mullane
Stringtough,0102,Claudelle Blankenship
Alphazap,1812,Coleen Gwinn
Voyatouch,0499,Vidovik Scardifeild
Tampflex,3776,Jefferson Ogborn
Transcof,8774,Hy Agron
Zontrax,4574,Melloney Mulran
Job,7976,Hughie Stonehouse
Cookley,7839,Andriette Pulbrook
Fixflex,7941,Vanya Sprosson
Cookley,6573,Barri Willshear
Opela,222,Janaye Hiers
Treeflex,4467,Daune McEntee
Alphazap,4882,Bel Thyer
Y-Solowarm,1663,Elnore Balazin
Asoka,6072,Jacenta Barizeret
Zontrax,9801,Natividad Meaden
Overhold,4631,Maje Petracco
Flexidy,7872,Mort Carey
Vagram,8751,Bendick Ferry
Stringtough,0761,Demetri Newarte
Namfix,8752,Celisse Pudge
Transcof,7729,Danie Trank
Bigtax,757,Ddene Kisar
Matsoft,5791,Sonni Huggon
Quo Lux,672,Grant Hearnaman
Daltfresh,4952,Desirae Maycock
Konklux,3428,Nancee Bramsom
Konklux,9101,Lisha Coneley
Asoka,4468,Eulalie Dudman
Sub-Ex,427,Paulita Latchmore
Home Ing,1749,Cornall Feldbrin
Sub-Ex,3893,Catherina Raeburn
Opela,0372,Celestine Emor
Alpha,7791,Agnesse Spriddle
Kanlam,7996,Brennan Garlee
Stringtough,0832,Clemens McTeer
Stim,8713,Woodrow Shailer
Zoolab,6631,Karole Dovey
Wrapsafe,5133,Padraic Langhor
Latlux,9131,Jeffy Paolozzi
Bigtax,5297,Alikee Brooks
Alpha,7022,Jessalyn Jelfs
Overhold,8134,Juana Danbye
Hatity,073,Shani Rearie
Bigtax,610,Eran Wozencroft
Zamit,5782,Omar Challin
Tres-Zap,3615,Bridget Grisard
Keylex,1311,Ancell Hassell
Viva,2509,Natty Raubenheim
Matsoft,9734,Morganica Vidler
Latlux,9920,Carmelle Lief
Overhold,7742,Aldis Brocklehurst
Cookley,5795,Mimi Joinsey
Gembucket,4631,Arlan Catling
Voltsillam,7837,Killy Rentilll
Voltsillam,336,Marice Grimmer
Toughjoyfax,3502,Colin Harme
Bitchip,8471,Nicol Lamkin
Sonsing,8833,Pearle Bothe
Job,7678,Anna-diane Gaw
Trippledex,9169,Carry Gherardini
Sub-Ex,211,Emylee Iacomelli
Toughjoyfax,9152,Janine Sorsbie
Gembucket,3736,Freddy Andrejevic
Stronghold,2201,Maury Sykes
Home Ing,3941,Gabbie Weekley
Stim,9194,Heda Beaument
Zoolab,9174,Karlotte Syversen
Span,0639,Ardath Meineck
Bigtax,6739,Ty Lambden
Lotstring,2106,Maryann Tee
Namfix,7918,Helaine Cremen
Alpha,7979,Chery Kirmond
Bytecard,0395,Ferrell Frean
Pannier,1164,Galven Ruspine
Bigtax,9155,Roddy Whitsun
Fintone,9738,Lona Eloi
Cardify,4872,Jacquenetta Delmage
Tin,3731,Ferd Garrity
Bitchip,7775,Joelle McSorley
Aerified,8455,Georgeanna Croisdall
Stim,201,Lennie McParlin
Gembucket,9034,Diarmid Howick
Bytecard,8074,Lanni Carleton
Sonair,8251,Jocelyne Thornewill
Bigtax,504,Georgi Jerok
Namfix,543,Hildegaard Adrain
Bitwolf,2754,Ruthanne Cawthron
Opela,9823,Danit Mitchley
Prodder,3512,Trenna Granleese
Y-Solowarm,4550,Carol Conelly
Prodder,1421,Andrej Fetteplace
Alphazap,5061,Lexine Gerardot
Vagram,6902,Nady Le Ball
Temp,7972,Ronnie Di Lucia
Greenlam,0651,Clem Dutnell
Trippledex,5843,Viki MacWhirter
Zathin,7858,Monica Cucinotta
Y-find,9615,Omar Record
Tresom,3805,Gabriela Gleasane
Fix San,0241,Adrianne Bwy
Fixflex,5102,Jeanne Ferronel
Tin,6822,Nicko Kreuzer
Lotstring,8913,Catharina Mobbs
Mat Lam Tam,7749,Lilly Leverton
Treeflex,8118,Fitz Grimwad
Konklux,9925,Jeannie O'Giany
Transcof,580,Linnie Redparth
Vagram,0871,Ervin Wressell
Cookley,8394,Berthe Neilus
Greenlam,738,Allie Pattenden
Sonsing,8301,Deb Blencowe
Subin,4258,Cristen Gorcke
Treeflex,5186,Wolfy Sandwich
It,8702,Alena Helstrom
Prodder,5313,Abdel Cauderlie
Bamity,8303,Rebeca Ingrem
Alpha,1043,Milli Strickett
Stronghold,4287,Stillmann Cosyns
Fix San,4224,Rickie Dilley
Span,6571,Deidre Parkhouse
Sub-Ex,3352,Krissie Louedey
Voltsillam,8674,Aila Johncey
Fixflex,6292,Loren Phant
Rank,9099,Alexandr Shadrach
Alphazap,8844,Evaleen Mulvenna
Job,9961,Gardener Klehn
Hatity,0232,Jordon Alsopp
Gembucket,1265,Jo-anne Croome
Matsoft,4211,Beverley Flett
Asoka,0869,Pincus Kittredge
Home Ing,5787,Charmain Harsum
Veribet,6549,Corrine Starten
Ventosanzap,3229,Norene Grumble
Duobam,8906,Hadrian Coull
Bitwolf,0067,Wendell Montel
Treeflex,9986,Barty Cometto
Stringtough,1739,Stacee Kneebone
Y-Solowarm,2372,Inez Posner
Vagram,8008,Fred Richardin
Matsoft,3502,Alica Stredder
Cardguard,9214,Broddy Meriel
Treeflex,3572,Gaby Shepstone
Kanlam,7301,Manya Raven
Fixflex,3221,Alfi Hanhard
Biodex,8821,Elliot Durbann
Zathin,6812,Guendolen Maith
Asoka,8731,Daniella Elms
Ventosanzap,721,Brucie Yesinin
Keylex,8311,Constantin Shale
Stim,9321,Nelly Ashbrook
Duobam,5599,Bekki Meletti
Fintone,738,Burlie Nairy
Quo Lux,4053,Doralia Paudin
Tres-Zap,2199,Jervis Mingotti
Home Ing,7351,Alis Lumley
Biodex,8402,Leland Pendle
Keylex,3583,Travers de Copeman
Y-find,8690,Naomi Maharg
Toughjoyfax,3841,Petrina Ingledow
Aerified,7773,Geoffrey Strut
Span,8394,Sancho Hazelgrove
Biodex,8606,Janel Beert
Sonair,835,Gerald Scotchmor
Cardguard,5788,Lauritz Garrick
Zathin,3523,Caddric Battista
Lotlux,7767,Allegra Measom
Vagram,6692,Allx Iacavone
Stringtough,2189,Kalila Burkwood
Span,2752,Sioux Giggie
Daltfresh,7032,Dareen Linklater
Redhold,9938,Aurea Roderick
Flexidy,0889,Sanders Hoston
Job,8669,Karita Wilson
Regrant,7091,Ulrikaumeko Micklewright
Tampflex,0476,Hy Greener
Holdlamis,4498,Brigid Torra
Subin,1365,Tanney Yandle
Regrant,2757,Justis Braisher
Tin,9437,Verge Duran
Holdlamis,5689,Kaitlynn Brainsby
Otcom,7931,Ida Simonard
Zaam-Dox,3001,Petey Sullens
Andalax,4840,Fifine Bradane
Lotstring,4258,Marilee Pieracci
Vagram,7973,Leisha Woolacott
Alpha,7764,Jeanette Cudbertson
Y-find,9785,Martica Cyples
It,8761,Merell Perkinson
Greenlam,9465,Betteann Durden
Lotlux,2349,Darci Jammes
Zaam-Dox,6621,Chev Faulconbridge
Andalax,0837,Donelle Romanini
Matsoft,9656,Gabie Gilcriest
Otcom,9026,Maudie Burnie
Pannier,1745,Witty Hitter
Fix San,3976,Humfried Roarty
Stringtough,8950,Sidonnie Twitchings
Voltsillam,8785,Baxie McLardie
Viva,715,Jemie Bockh
Stringtough,7865,Erik Redmire
Subin,5292,Fairfax Draycott
Zamit,9927,Morgen Wallenger
It,8544,Nicky Rapley
Subin,7076,Matilda Bennet
Holdlamis,743,Catherina Hultberg
Hatity,9756,Dewie Snashall
Solarbreeze,8309,Eada Scurry
Daltfresh,0132,Lyndsie Lohoar
Sonsing,8695,Winston Redmire
Lotlux,6492,Cobby Eagell
Holdlamis,9732,Myrtle Hyndman
Veribet,3791,Rudolph Burgan
Viva,8682,Erwin Markl
Toughjoyfax,3861,Byrle Pieroni
Home Ing,4232,Bernhard Playden
Zontrax,4106,Bea Warlawe
Opela,9601,Hali De Cristofalo
Veribet,8440,Bellina Storah
Daltfresh,5134,Sallee Holde
Fintone,9711,Amber Cluitt
Zaam-Dox,1390,Deanne Mantrip
Trippledex,7899,Bobette Lipson
It,672,Katya Blurton
Span,4550,Halette Whittlesea
Greenlam,3990,Eleonora Juorio
Subin,9124,Dory Ubach
Toughjoyfax,3762,Burnard Tindley
Kanlam,9394,Cathe Schwanden
Bytecard,9398,Felike Janeway
Ronstring,0045,Sean Delaprelle
Ventosanzap,8405,Terra Sutch
Alpha,9122,Vi Whyard
Daltfresh,0793,Duky Frankiewicz
Konklab,4231,Virgil Effnert
Aerified,5671,Harman Viger
Veribet,5461,Farleigh Cotty
Holdlamis,3343,Mose Rowbrey
Greenlam,2219,Jordain Macquire
Mat Lam Tam,9204,Hendrick Gingold
Bytecard,1722,Gloriane Richards
Span,3573,Anthiathia Alban
Flowdesk,8555,Alexio D'Oyley
Home Ing,3754,Vincenz Barnicott
Andalax,3596,Sly Jesson
Cardify,581,Murielle Floyd
Flowdesk,9066,Immanuel Deschlein
Job,8392,Merrill Langdale
Viva,8440,Maxy Crambie
Bitwolf,713,Travus Hurlston
Bytecard,9376,Hillel Jacquot
Mat Lam Tam,3195,Mattie McGowing
Job,3771,Maryellen Howood
Daltfresh,714,Ulick Selway
Bitchip,7982,Garrek Crofthwaite
Sonair,8804,Billi Osanne
Ronstring,3603,Cherlyn Balsillie
Holdlamis,6096,Perle Artingstall
Tempsoft,0063,Isobel Beldon
Span,8493,Ferrel Faircley
Duobam,6591,Shirl Meert
Konklux,7499,Almeda Cudbird
Greenlam,7861,Melisande Gainor
Cardify,3824,Serene Dimelow
Tin,6631,Burtie Dorot
Cardguard,8592,Tedda Doddridge
Ventosanzap,5101,Salem Sandeland
Stringtough,3459,Mathe Andric
Daltfresh,9962,Felix Proback
Andalax,0056,Heather Dundridge
Voltsillam,9773,Pavla Findlow
Temp,4141,Amerigo Turford
Rank,5252,Sharyl Quantick
Temp,5561,Jennine Giorgietto
Otcom,4921,Brandtr Ugoni
Keylex,9985,Archibald Bridge
Flowdesk,1172,Aldon De Dantesie
Lotstring,8854,Danila Corneliussen
Domainer,8269,Aleen Yve
Ronstring,7902,Kelley Pursey
Matsoft,8036,Mariquilla Labba
Cookley,5111,Kristel Crasford
Daltfresh,9910,Nichole Trengrove
Konklab,8907,Deena Hubatsch
Fintone,640,Winnah Dorney
Fixflex,4449,Antone Fulham
Vagram,3639,Conrade Fadian
Holdlamis,9544,Rochella Doree
Matsoft,7394,Yolanthe Pie
Vagram,0211,Marian Huntress
Mat Lam Tam,9978,Irwin Fibbens
Lotlux,3525,Lorena Soans
Lotlux,8871,Udale Girvin
Gembucket,4501,Kristien Wathell
Mat Lam Tam,4429,Tansy Defont
Subin,728,Dulciana Neno
Voltsillam,4549,Federica Rowland
Lotstring,7611,Dougie Terrington
Sonair,0353,Millisent Gabbidon
Regrant,3966,Edee Agius
Latlux,4822,Cordie Vala
Biodex,8284,Toddy Powe
Rank,7972,Jayson Gollin
Holdlamis,4142,Neville Gymblett
Daltfresh,9501,Sebastien Rookwell
Fix San,750,Allissa Beckhouse
Overhold,3169,Rocky Ferencowicz
Wrapsafe,9608,Cherise Kellert
Tampflex,4053,Obediah Iuorio
Ventosanzap,1829,Chet Winscom
Home Ing,0741,Ned Le Count
Bytecard,6997,Tammara Pechacek
Treeflex,1160,Bree Jefferys
Daltfresh,4311,Nelson Lorentz
Biodex,2022,Lauren Von Oertzen
Zaam-Dox,9113,Ingaborg Penkethman
Tampflex,4100,Dud Lebang
Vagram,8192,Simon Lowton
Bitchip,8132,Collette Jeram
Konklux,7872,Hildagard Bosket
Toughjoyfax,5196,Ted Blair
Temp,4664,Mag Adamovsky
Transcof,3999,Georgianne McIlroy
Bitchip,3609,Guglielma Bedinham
Flexidy,7023,Darwin Robus
Job,0081,Tiena Swidenbank
Bytecard,8046,Murdoch Martensen
Zamit,2992,Adan Shilito
Tresom,4291,Syman Sowthcote
Transcof,7914,Seka Blaxill
Rank,5501,Eden Pickford
Duobam,8183,Fabian Muirhead
Tres-Zap,843,Hana Presslie
Alphazap,7931,Ellary Holstein
Pannier,4412,Noel McMichael
Alpha,4864,Rodina Bounde
Konklux,6015,Evy Walthall
Zamit,6851,Marge Rendell
Zoolab,9951,Sayers Errey
Voltsillam,3785,Barty Lucey
Fixflex,8000,Kalindi Lodeke
Ventosanzap,246,Royce Worham
Sub-Ex,6859,Edmon Auld
Veribet,5535,Kim Inott
Span,5523,Tyrone McBratney
Greenlam,233,Harold Stening
Fix San,4443,Rouvin Inmett
Aerified,0809,Darnall Melbert
Otcom,1761,Calli Dennidge
Sub-Ex,8916,Annalise Duding
Cookley,8913,Nissie Scoggins
Tin,9549,Viviene Walisiak
Prodder,544,Mattie Petera
Ventosanzap,9328,Town Stileman
Y-find,0419,Marshal Bemlott
Y-Solowarm,4381,Francesco Fansy
Stringtough,8401,Vinnie Headington
Zathin,7701,Sybyl Mogra
Domainer,0652,Jasper O'Nion
Cardify,5821,Kenny Lawton
Daltfresh,6292,Leela Males
Subin,5694,Claybourne Maffucci
Stim,9394,Gregor Fownes
Bitwolf,4592,Shelley Castagnaro
Zamit,3393,Chiquita Rosie
Tampflex,4640,Edwina Pycock
Latlux,149,Fawne Carverhill
Fixflex,4233,Carly Kaye
Y-find,4859,Emile McLugaish
Otcom,9964,Petronella Fateley
Zathin,7991,Ive Stopper
Transcof,7644,Johann Gadsby
Sonair,5122,Harper Alsopp
Zontrax,7921,Alessandra Scruton
Y-find,9982,Petrina Ellings
Toughjoyfax,9953,Joseph Cowpe
Fintone,7865,Delia Dadge
Domainer,0525,Farris McAllester
Overhold,9049,Jobey Havelin
Rank,0151,Annice Rex
It,9649,Georgetta Aleksandrev
Ventosanzap,6261,Catha Haydock
Zontrax,6563,Myranda Langforth
Flexidy,1712,Findlay Huzzay
Span,1162,Karyn Irving
Transcof,6576,Shayne Toone
Opela,8088,Augy MacCaffrey
Otcom,3799,Renee Kean
Quo Lux,3964,Skyler Brownbill
Sub-Ex,9354,Isidora Insley
Lotstring,0959,Nichole Joyes
Duobam,8836,Flynn Scowcroft
Tin,8925,Brodie Earwaker
Matsoft,3839,Junina Iglesias
Keylex,1512,Aharon Beckensall
Holdlamis,4069,Obidiah Farfolomeev
Ronstring,4402,Florence Dutton
Temp,9524,Mikel Ruos
Bitchip,8605,Dania Sams
Cookley,2551,Eldredge Fonteyne
Y-Solowarm,4994,Dona Duhig
Flexidy,3842,Binny Fatkin
Tres-Zap,5979,Rockwell Glantz
Ronstring,1699,Sallyann Heazel
Stronghold,4603,Ody Gidley
Zontrax,9819,Peder Ilyasov
Lotlux,0652,Morganica Towson
Wrapsafe,4994,Ricca Glitherow
Voltsillam,7668,Beauregard Seawright
Hatity,9732,Trenton Dutteridge
Bamity,9408,Pia Rieflin
Cardify,7593,Taber Caherny
Toughjoyfax,6494,Gardner Booley
Flowdesk,8457,Jewel Stenson
Vagram,9714,Clemmie Asch
Daltfresh,6591,Lucio Walework
Ventosanzap,7663,Huey Boxhill
Asoka,9042,Loise Bransom
Otcom,2342,Gillian Antonias
Solarbreeze,4491,Gypsy Withur
Fix San,4063,Denys Melia
Lotlux,8329,Sheela Fero
Fixflex,9062,Madella Klimashevich
Gembucket,1351,Davis Leap
Bitwolf,8389,Adelina Janney
Fintone,2951,Lynda Catcherside
Tampflex,6309,Berrie Asee
Zontrax,8862,Jakie Vasilischev
Home Ing,6385,Kira Baniard
It,3552,Klaus Maureen
Temp,6601,Emilia Ransley
Otcom,4874,Richmound Pooly
Andalax,2319,Dillie Gilstin
Zathin,3837,Hurlee Campagne
Greenlam,0843,Dani Sudlow
Matsoft,0701,Samaria Abbett
Stringtough,8836,Emelina Boatright
Pannier,3560,Sayer Rockey
Viva,585,Kippar Wilder
Subin,9135,Tatiana Shadrach
Home Ing,0825,Marlowe Lortzing
Duobam,3341,Kassey Mandy
Prodder,8120,Annadiane Sawyers
Trippledex,3847,Christoper La Rosa
Flexidy,4835,Alida McCoole
Latlux,8073,Puff Threader
Sonsing,3225,Adham Garmanson
Veribet,252,Dorie Di Giacomettino
Regrant,0699,Elie Segrott
Y-find,6393,Art Hallowell
Andalax,229,Deonne Roote
Bytecard,7991,Elvin Casoni
Cardguard,5473,Carley Macauley
Redhold,2612,Essa Durward
Tampflex,8456,Pembroke Tate
Fintone,9825,Christiana Bandt
Viva,8911,Mirabelle Temblett
Aerified,9029,Walsh McNutt
Konklux,7817,Briny Haughian
Prodder,1143,Bent McLennan
Voyatouch,7394,Erminia Bartlomiejczyk
Wrapsafe,5102,Davida Walls
Y-Solowarm,7702,Joanna Kennady
Voltsillam,1297,Arnaldo Fierman
Ventosanzap,3971,Steffane Kleingrub
Wrapsafe,9115,Rozanne Beckingham
Opela,9671,Karyn Dorro
Mat Lam Tam,3839,Yulma Gockeler
Stronghold,6697,Maure Ditch
Y-find,9355,Tabor Wilsdon
Aerified,0449,Leeann Rentilll
Trippledex,0872,Wandis Sheardown
Biodex,6993,Quentin Witson
Sonair,4282,Emelda Atkyns
Cardguard,8734,Abby Liffe
Zontrax,7701,Gannie Cringle
Stringtough,0650,Bax Bagot
Flexidy,6359,Saw Fabry
Hatity,5198,Francesca Colegate
Cardguard,8374,Damon Zini
Temp,8948,Axel Gebby
Redhold,8829,Florrie Coe
Prodder,5788,Hobard Osbaldstone
Bitwolf,7859,Monique Biernacki
Fintone,9627,Jaquenetta Swyer-Sexey
Tres-Zap,4444,Carleton Lewing
Tresom,3783,Cris Simonnet
Prodder,4282,Cassondra Woltman
Zathin,1689,Correy Vezey
Duobam,736,Minda Lansbury
Stronghold,6509,Halley Vanne
Asoka,0159,Yuri Duignan
Bytecard,2754,Correna Uphill
Subin,7536,Harbert Alden
Alpha,8958,Caesar Wasselin
Transcof,5795,Teodoor Jedryka
Overhold,3226,Buck Rubinsztein
Y-Solowarm,4439,Steffane MacPaik
Flowdesk,4402,Dannye Tracy
Redhold,7861,Sinclare Denny
Overhold,8383,Tiebout Sallinger
Gembucket,6719,Vladimir Fairebrother
Regrant,0073,Carmel Trammel
Hatity,9357,Tobe Bonavia
Tampflex,5119,Esmaria Felton
Zaam-Dox,9338,Portie Breen
Stronghold,9218,Christos Gouldsmith
Alpha,9725,Bobby Wankel
Treeflex,3767,Giustino Swinbourne
Ventosanzap,7942,Trever Grishankov
Cardguard,1473,Merrilee Fierman
Namfix,1122,Giff Klawi
Latlux,543,Courtnay Yurmanovev
Fix San,240,Demetre Connop
Flexidy,3423,Burke Brenstuhl
Home Ing,4462,Stillmann Gores
Keylex,1298,Stanley Lamplugh
Solarbreeze,8752,Lorry Romanini
Aerified,7032,Richmound Morsey
Fix San,0203,Briana Welds
Voyatouch,0884,Tyrus Yukhnin
Bitwolf,3806,Guntar Brodbin
Aerified,7646,Seward Forsdyke
Redhold,3846,Joete Stanier
Viva,724,Ad Burnsides
Konklab,8153,Ewan Baudichon
Veribet,8704,Giffie Speers
Duobam,0019,Cynthia Noen
Job,8049,Allys Mioni
Job,9393,Abigale Crocken
Regrant,7670,Coralyn Royl
Fixflex,0991,Curtice Bownde
Transcof,4223,Tersina Bevan
Ventosanzap,3560,Jameson Ryle
Job,3422,Billie Watts
Lotstring,8361,Dannie Gwyn
Job,7705,Lesley Maase
Latlux,0234,Dalt Vanyarkin
Span,9644,Alane Geary
Konklab,4696,Robyn Spellman
Job,3223,Cassandry Jamrowicz
Bamity,6389,Florella Dorran
Y-find,5179,Camellia Kiloh
Zamit,9331,Sula Jedrzejczak
Toughjoyfax,3552,Joli Wines
Duobam,3551,Roxy Cumbridge
Stronghold,4610,Wallie Kighly
Cookley,6589,Maritsa Ilyin
Sonsing,4613,Annnora Richards
Subin,2042,Murielle Whelpdale
Flexidy,9702,Gizela Salasar
Sub-Ex,0798,Sawyer Whenham
Opela,4391,Clement Eltone
Cardify,6994,Eldin Yannoni
Keylex,8405,Salvador McAneny
Toughjoyfax,8021,Eliza Gadsby
Sub-Ex,7705,Aloin McNess
Keylex,5843,Lock Wetherald
Tresom,3930,Amabelle Nalder
Tempsoft,5299,Tessi Kalinke
Kanlam,7859,Kym Di Giacomo
Stim,270,Kaile Whittock
Bigtax,3321,Lauraine Castell
Zaam-Dox,7569,Aristotle Bewley
Hatity,8373,Scott Deetlof
Job,9918,Cissy Longridge
Home Ing,3201,Gardener Gatley
Asoka,4495,Emlen Bernon
It,106,Shirline Kingsford
Temp,2263,Sharl Poat
Zaam-Dox,4198,Dania Callear
Rank,8027,Ebony Phythien
Zamit,8385,Mickey Roderham
Wrapsafe,1431,Inger Taggett
Cardguard,9985,Katie Illiston
Tin,6013,Fawn Piffe
Alpha,6523,Gratiana Hallen
Konklux,9312,Evey Claris
Hatity,3886,Dela Laugharne
Stringtough,8892,Nealson Poulglais
Daltfresh,1282,Dedra Champniss
Treeflex,496,Maddie Stoyles
Hatity,8552,Elane Lauks
Sub-Ex,4429,Faunie Hugonnet
Kanlam,7031,Colver Skein
Rank,4258,Deana Juschke
It,6672,Nikola Snassell
Flowdesk,8152,Alic Melia
Viva,6501,Charles Rowter
Transcof,0717,Pandora Gendrich
Konklab,6519,Martyn Eastwell
Duobam,8904,Casi Mathelon
Latlux,9852,Katya Bukowski
Prodder,5512,Rebekkah Balden
Overhold,9986,Rebeka Duffer
Bitwolf,0109,Madlin Goggin
Overhold,9985,Curran Danett
Andalax,9644,Raquel Mosedill
Sonair,8593,Martica Morfey
Tresom,2009,Decca Hoovart
Holdlamis,8473,Adriana Farress
Ventosanzap,1741,Armstrong McKevany
Voltsillam,8197,Mathe Hexter
Stringtough,5023,Webb Macvey
Flexidy,1427,Shandy Vanderson
It,5164,Michel Huby
Quo Lux,036,Dinah Thoma
Stim,9449,Krispin Jobe
Alpha,6593,Crista Carnihan
Keylex,715,Francine Foxworthy
Tampflex,4944,Tracie Ethersey
Alpha,9181,Thaddus Woollin
Toughjoyfax,4224,Cari Barmby
Aerified,8667,Virgie Kausche
Biodex,4979,Roseann Franscioni
Flexidy,5472,Cassey Munson
Konklab,2741,Ferne Pateman
Toughjoyfax,0095,Rafaellle Martinat
Domainer,4422,Estella McHardy
Tin,5797,Lyndell Trask
It,7984,Gard Tinwell
It,5212,Rikki Downing
Vagram,0811,Cyrill Posselow
Stringtough,4059,Orrin Deinert
Stim,8833,Mayor Lenox
Bamity,3880,Jessi Papachristophorou
Viva,5026,Marigold Syson
Zoolab,8047,Manuel Doylend
Bitchip,5585,Katie Zimek
Tin,5463,Vassily Spensly
Bamity,2094,Margarita Brownett
Fix San,9626,Tad O'Hollegan
Temp,4287,Miof mela Canelas
Ventosanzap,8097,Marcellina Mullally
Matsoft,3975,Stesha Oakly
Konklab,3222,Xever Blincowe
Vagram,8076,Patti Aguirre
Voyatouch,4414,Kalle Sirkett
Alpha,9466,Eudora Ca
Tempsoft,3561,Rochella Matussevich
Ronstring,6815,Stuart Hocking
Y-Solowarm,8579,Rollie Lockhart
Mat Lam Tam,1693,Zarla MacFarland
Alpha,6219,Claresta Midner
Konklab,5521,Sophia Poundsford
Flowdesk,8107,Briny Dilleston
Stringtough,3378,Hortensia Urey
Flowdesk,9033,Jenilee Musselwhite
Regrant,9607,Kimmi Rebeiro
Tampflex,8241,Maxie Ianni
Zoolab,4899,Jemmie Gascoyne
Tres-Zap,8671,Debor Rowlstone
Subin,3603,Georgy Skyme
Duobam,292,Reeva Annetts
Andalax,315,Crystal Altofts
Sub-Ex,8007,Beauregard Rozanski
Lotstring,9396,Mirabella Sadler
Zamit,7710,Aloysia Carnduff
Voltsillam,8415,Dallon Blackborn
Holdlamis,7776,Tim Grassi
Sub-Ex,0849,Jere Missington
Tempsoft,9937,Lynde Farrance
Stim,9658,Danette Crampton
Quo Lux,8059,Shandy Risen
Bitwolf,3825,Rica Romayne
Domainer,9604,Leonanie Dolling
Voltsillam,5253,Robert Binham
Bamity,7956,Arlee Rosensaft
Sub-Ex,4826,Merill Abrahamsohn
Zamit,3895,Tandy Burdin
Cardify,9609,Myrwyn Steventon
Daltfresh,8193,Roxi Rudderham
Sub-Ex,4242,Ruperto MacCahee
Konklux,6572,Lydia Kener
Rank,8955,Tallie Densumbe
Stronghold,8014,Rhiamon Brinsden
Alpha,3864,Lyssa Pastor
Andalax,3760,Brinn Pinching
Otcom,0076,Ramsay Yeandel
Hatity,4133,Katerina Wickersley
Gembucket,8917,Magda Coalbran
Span,6941,Haskel Selvey
Greenlam,3831,Britte Irnys
Tres-Zap,9361,Frasco Vidgen
Lotlux,4562,Clay Toynbee
Quo Lux,9101,Heindrick Parnby
Rank,8402,Jania Holleworth
Span,8824,Lewiss Nabarro
Solarbreeze,8769,Ginelle Pammenter
Stringtough,7714,Rog Mogford
Hatity,9933,Bernetta Cescotti
Rank,6389,Antonius Bucky
Kanlam,0054,Michelle Twoohy
Bitchip,7710,Byran Marikhin
Fix San,8345,Nikos Bosenworth
Trippledex,8371,Minor Harkes
Cardify,1666,Berne Kuscha
Lotstring,6694,Ibby Haggeth
Flowdesk,8292,Bartholomew Kopecka
Otcom,5182,Christophorus Penkethman
Konklab,4563,Lemmie Le Fevre
Holdlamis,9346,Christie Le Maitre
Hatity,2031,Mic Calvert
Pannier,154,Ogden Lathee
Cardguard,6861,Mitchel Zaple
Opela,4631,Vanda Starr
Flowdesk,4501,Ailis Copes
Sonsing,7771,Bertie Capeloff
Daltfresh,0016,Orbadiah MacFadzean
Treeflex,5799,Manda Larby
Rank,9729,Harriette Roubeix
Namfix,8147,Elvyn De Hooge
Treeflex,1251,Pincus Clulee
Konklab,235,Demeter Hintze
Latlux,8542,Elonore Baswall
Gembucket,6062,Peg Last
Bytecard,253,Eugine Tocknell
Span,6525,Dorthy Hayhoe
Prodder,2071,Latashia Vause
Flowdesk,4821,Boycey Caffery
Tresom,8866,Samson Jessen
Overhold,632,Annice Locks
Fixflex,4400,Adrianna Carnegie
Trippledex,9412,Suki Fishley
Greenlam,4892,Maurizio Worswick
Regrant,8609,Frederigo Waison
Zoolab,1712,Michelina Coggell
Konklux,9159,Julee Cowpertwait
Sonair,6072,Jorge Wetwood
Holdlamis,6995,Trent Trubshaw
Zamit,8946,Brandyn Di Bartolommeo
Cardify,1391,Halie Henrique
Cardguard,9963,Marchelle Fowlie
Fixflex,8904,Mervin Puzey
Fintone,9981,Vivianna McShee
Fintone,9726,Melisa Cottie
Sonsing,9085,Tabbatha Berkelay
Gembucket,596,Rene Sein
Fix San,0480,Erl Piotrowski
Fixflex,9437,Willy Stot
Veribet,9502,Walsh Pieche
Y-Solowarm,1739,Brig Britney
Fix San,9366,Aubrey Humphries
It,4979,Herrick Vedenyapin
Zathin,7775,Ricky Champ
Stim,9093,Mort Gergely
Veribet,8469,Claudia Bruniges
Stringtough,391,Zita Trustey
Biodex,3997,Aksel Gorman
Viva,8457,Valida Buye
Tempsoft,8128,Bette-ann Hugonin
Konklab,7912,Antin Aldcorne
Bitchip,9628,Violet Halliday
Gembucket,3726,Bert Stockport
Veribet,6929,Agnese Rate
Tres-Zap,8204,Franciskus Abrashkov
Trippledex,6719,Ulrich Pitcaithly
Bamity,1259,Franny Frizell
Tampflex,9094,Gypsy Astles
Redhold,4042,Donnie Oxtarby
Stim,0205,Tim Saleway
Stringtough,3846,Leonelle Jiru
Daltfresh,8764,Jonis Grigor
Trippledex,7839,Avis Ruller
Veribet,1671,Marlowe Marlowe
Transcof,9704,Darb De Launde
Cardify,3198,Sindee Crocken
Fixflex,6929,Peggy Perkins
Alpha,9933,Darell Pea
Vagram,0885,Waverly Thing
Home Ing,0025,Geralda Housley
Konklab,1401,Zolly Hurran
Cookley,0081,Randie Pattesall
Opela,8393,Carol-jean Lightbown
Tres-Zap,6952,Abner Mushet
Sonsing,5209,Margarethe McCooke
Andalax,4865,Hadleigh Dradey
Treeflex,0132,Ivie Fley
Fixflex,0762,Jerry McNutt
Temp,5902,Nesta Leyre
Ventosanzap,2097,Devonna Dorbon
Viva,1601,Tessie Seagrove
Mat Lam Tam,270,Nicolais Ciottoi
Y-Solowarm,9504,Richy Anger
Ventosanzap,9948,Burlie Phelan
Subin,4258,Drake Trayhorn
